{
  "angle": 0.445,
  "approximate_inverse_frobenius_upper": 701.7069356089305,
  "border_rank": 4,
  "bordered_dimension": 4100,
  "center_inverse_two_norm_upper": 701.7069387778461,
  "certificate_seconds": 25.486038428964093,
  "contour_center_imag": -0.5508412474453575,
  "contour_center_real": -0.3233504401504541,
  "contour_radius": 0.2624987592858511,
  "dimension": 2048,
  "factor_nnz": 3607849,
  "factor_seconds": 2.2119791979785077,
  "inverse_sha256": "61bf4657268ce1ed835b2888a6520b8df8f3d9a16d587c601a204f91513bff42",
  "matrix_nnz": 1258116,
  "residual_center_frobenius_upper": 3.4803501821961754e-13,
  "residual_center_sha256": "54e29c9ed99b0eba86512609410e1dbb2f8086e0d24990fa6ab9088f28857783",
  "residual_frobenius_upper": 4.51600967515264e-09,
  "residual_radius_frobenius_upper": 4.5156617748400115e-09,
  "residual_radius_sha256": "338dfcccfb1549d73eaba0770e5d4111b006057f63939d0f3b8938fdb1602a45",
  "sigma": 0.01,
  "spectral_parameter_imag": -0.43784658794155146,
  "spectral_parameter_real": -0.08641626036579295,
  "status": "rigorous_physical_resolvent_center"
}
