{
  "approximation_rank": 96,
  "block_certificates": {
    "coarse_consistency": {
      "approximation_rank": 96,
      "block_two_norm_upper": 0.0001988771765468915,
      "dimension": 2048,
      "left_factor_two_norm_upper": 1.0000000000276477,
      "left_gram_defect_frobenius_upper": 5.529495399038247e-11,
      "low_rank_two_norm_upper": 0.0001988743939868809,
      "name": "coarse_consistency",
      "residual_center_frobenius_upper": 2.7527013947968274e-09,
      "residual_center_sha256": "241d73b4d054e790d5d426bdae1ff7ebc9380d26571d4532dceedcd35f0d4e87",
      "residual_frobenius_upper": 2.782560010597999e-09,
      "residual_radius_frobenius_upper": 3.117268286138229e-11,
      "residual_radius_sha256": "69ec8e61a2b456d73adc0f5cc3a20937195cc462f1e6e2a137f58b0daff71124",
      "right_factor_two_norm_upper": 1.0000000000280997,
      "right_gram_defect_frobenius_upper": 5.6198754458212146e-11,
      "singular_scale_upper": 0.00019887439397579408
    },
    "coarse_to_detail": {
      "approximation_rank": 96,
      "block_two_norm_upper": 0.011321437875219683,
      "dimension": 2048,
      "left_factor_two_norm_upper": 1.0000000000297518,
      "left_gram_defect_frobenius_upper": 5.950317753967062e-11,
      "low_rank_two_norm_upper": 0.0113214076639009,
      "name": "coarse_to_detail",
      "residual_center_frobenius_upper": 3.019145377095896e-08,
      "residual_center_sha256": "3ed1660628179022556254c1601990451007c6ff649bb67d8174985687bbf6b1",
      "residual_frobenius_upper": 3.02113187819532e-08,
      "residual_radius_frobenius_upper": 2.076286573222906e-11,
      "residual_radius_sha256": "af2064512806cfc88a29c28488ecb906d8f1d17ea4578cd3bd983a269f961743",
      "right_factor_two_norm_upper": 1.0000000000304583,
      "right_gram_defect_frobenius_upper": 6.091610703165264e-11,
      "singular_scale_upper": 0.011321407663219235
    },
    "detail_block": {
      "approximation_rank": 96,
      "block_two_norm_upper": 0.00013052207678363766,
      "dimension": 2048,
      "left_factor_two_norm_upper": 1.0000000000280582,
      "left_gram_defect_frobenius_upper": 5.611603942575851e-11,
      "low_rank_two_norm_upper": 0.00013052084468862202,
      "name": "detail_block",
      "residual_center_frobenius_upper": 1.2197054538649132e-09,
      "residual_center_sha256": "f7ba411757a9309e51939df49e35964635fe37596fe002e2919da6ead57ad3f7",
      "residual_frobenius_upper": 1.2320950155993868e-09,
      "residual_radius_frobenius_upper": 1.2991515186387558e-11,
      "residual_radius_sha256": "df63f725845aaa158fd906f303ba1d2d359d8a8169bb85575c0d37ae849e06e9",
      "right_factor_two_norm_upper": 1.0000000000286244,
      "right_gram_defect_frobenius_upper": 5.7248248569653994e-11,
      "singular_scale_upper": 0.0001305208446812237
    },
    "detail_to_coarse": {
      "approximation_rank": 96,
      "block_two_norm_upper": 0.013722641666077897,
      "dimension": 2048,
      "left_factor_two_norm_upper": 1.0000000000270364,
      "left_gram_defect_frobenius_upper": 5.407209613578235e-11,
      "low_rank_two_norm_upper": 0.013722627437669091,
      "name": "detail_to_coarse",
      "residual_center_frobenius_upper": 1.4215975278042112e-08,
      "residual_center_sha256": "a1eb6be7290268abf3747fd736a7eb6da760b6855d32087322b31f568aad2b05",
      "residual_frobenius_upper": 1.4228408803616404e-08,
      "residual_radius_frobenius_upper": 1.299360230665914e-11,
      "residual_radius_sha256": "d380c88c816542c4681788ec63ca29d56eac417c5eb1b41e838cf1380d3e645a",
      "right_factor_two_norm_upper": 1.0000000000276603,
      "right_gram_defect_frobenius_upper": 5.532006136001325e-11,
      "singular_scale_upper": 0.013722627436918504
    }
  },
  "certificate_seconds": {
    "coarse_consistency": 23.321669446013402,
    "coarse_to_detail": 18.250975948001724,
    "detail_block": 18.13235310203163,
    "detail_to_coarse": 18.16714034503093
  },
  "coarse_dimension": 2048,
  "continuation_gate": {
    "admissible_coarse_resolvent_upper": 1634.1115814402854,
    "coarse_consistency_upper": 0.0001988771765468915,
    "coarse_to_detail_upper": 0.011321437875219683,
    "contour_origin_distance_lower": 0.376235604149098,
    "detail_norm_upper": 0.00013052207678363766,
    "detail_resolvent_upper": 2.658831394912469,
    "detail_spectrum_outside_counting_circle": true,
    "detail_to_coarse_upper": 0.013722641666077897,
    "effective_perturbation_upper": 0.0006119533154024968,
    "self_energy_upper": 0.0004130761388556052
  },
  "contour_center_imag": -0.5508412474453575,
  "contour_center_real": -0.3233504401504541,
  "contour_radius": 0.2624987592858511,
  "evidence_level": "rigorous_componentwise_stored_binary64_certificate",
  "fine_dimension": 4096,
  "sigma": 0.01,
  "snapshot": "results/nested_grid_snapshot_sigma_1e-02.npz",
  "snapshot_sha256": "a1e2a6a3a32a6f7e68ec17b294bdb41d404c0dbeca1f5cb89aefe48ab4390d81",
  "software": {
    "numpy": "2.2.6",
    "platform": "Linux-5.15.0-177-generic-x86_64-with-glibc2.35",
    "python": "3.10.12",
    "scipy": "1.15.3"
  },
  "status": "rigorous_nested_grid_block_and_schur_gate",
  "total_seconds": 78.40302065998549
}
