{
  "coarse_build_seconds": 0.15709488501306623,
  "coarse_dimension": 2048,
  "coarse_peripheral_values": [
    1.0000000000000024,
    -0.9865534036028739
  ],
  "estimates": {
    "coarse_consistency": {
      "frobenius_norm_candidate": 0.0006602033909807362,
      "infinity_norm_candidate": 0.0006792255682035051,
      "largest_singular_value_candidate": 0.00019887439397589567,
      "leading_singular_seconds": 4.994736326974817,
      "leading_singular_values": [
        0.00019887439397584775,
        0.00018443323261838743,
        0.0001816767965059211,
        0.00017331611036890246,
        0.0001695437070466943,
        0.00016107626167093995,
        0.00015675451537520966,
        0.0001483532831562423,
        0.0001435100873616136,
        0.00013731001371227825,
        0.00013166044382985947,
        0.00012517094564125123,
        0.00011994255719680074,
        0.0001107505738374312,
        0.00010720658976522395,
        9.545175710144644e-05,
        9.376939104531206e-05,
        8.301409279464339e-05,
        7.728990793195184e-05,
        7.152503358254281e-05,
        6.559149448687178e-05,
        6.394991789129446e-05,
        6.170282754908902e-05,
        6.054863620822913e-05,
        5.7335975599182656e-05,
        5.6047767833776955e-05,
        5.41418383371545e-05,
        5.132376011917413e-05,
        5.049317862847607e-05,
        4.9389864611413604e-05,
        4.554107258860305e-05,
        4.4273994083007786e-05,
        4.2057273339789605e-05,
        4.059884506526125e-05,
        3.85992250280996e-05,
        3.5012598960273445e-05,
        3.406727904408386e-05,
        3.223152668560869e-05,
        3.0599542930400666e-05,
        2.7956079786191324e-05,
        2.6581373059488037e-05,
        2.404141910648212e-05,
        2.2192909284518008e-05,
        2.1839781612975523e-05,
        2.056094611239948e-05,
        1.751331172638117e-05,
        1.6758720030576166e-05,
        1.661024261252391e-05,
        1.3712870695147937e-05,
        1.2718262812418591e-05,
        1.0866060722867006e-05,
        1.0390674037685635e-05,
        9.524393300584521e-06,
        8.632228251058226e-06,
        7.989661354810947e-06,
        7.062118819411021e-06,
        6.194025662293882e-06,
        5.974697165169162e-06,
        5.072982783820411e-06,
        4.49412378898075e-06,
        3.599475580974582e-06,
        3.3665909105519313e-06,
        2.8819034746146105e-06,
        2.5072057254050366e-06,
        2.4086238961290344e-06,
        1.7893652586698315e-06,
        1.693993750479361e-06,
        1.3154656069365494e-06,
        1.1538352070820963e-06,
        9.434926888727379e-07,
        7.850345277298918e-07,
        6.716623342663853e-07,
        5.264443242743172e-07,
        4.554878364189495e-07,
        3.5822549431113464e-07,
        2.9997162931644297e-07,
        2.3634603126770053e-07,
        1.953992063250461e-07,
        1.5600028393110853e-07,
        1.241550116654343e-07,
        1.008967724380731e-07,
        7.927301287781082e-08,
        6.397833365834696e-08,
        4.996432792342086e-08,
        4.0150970915499524e-08,
        3.132785284247149e-08,
        2.4582311613118775e-08,
        1.9512208012985465e-08,
        1.494485096646041e-08,
        1.1792877090499353e-08,
        9.03114470201319e-09,
        7.041712539375232e-09,
        5.359820361316208e-09,
        4.0989720247128e-09,
        3.1763789628309058e-09,
        2.3612934725813666e-09
      ],
      "materialization_seconds": 6.589370265020989,
      "one_norm_candidate": 0.000663479565563158,
      "post_rank_frobenius_tail_candidate": 2.6994881373078044e-09,
      "schur_two_norm_upper_candidate": 0.000671306401661008,
      "seconds": 0.8029642479959875
    },
    "coarse_to_detail": {
      "frobenius_norm_candidate": 0.042349841192399144,
      "infinity_norm_candidate": 0.03148466606265408,
      "largest_singular_value_candidate": 0.011321407663219252,
      "leading_singular_seconds": 3.874442205997184,
      "leading_singular_values": [
        0.011321407663219258,
        0.011319854618900428,
        0.010806356755893686,
        0.010796574055709145,
        0.010253399815154003,
        0.010191190986111138,
        0.009522714498080457,
        0.009468363740573912,
        0.008771727854808587,
        0.008661655638439897,
        0.007877811810831558,
        0.007794123571164008,
        0.0070374760715136596,
        0.0067915616471190396,
        0.006425924405890807,
        0.0063856699926499215,
        0.006306824115774193,
        0.0061353934913419665,
        0.00601987097047475,
        0.005797422923631955,
        0.005690122841052169,
        0.005462025770324228,
        0.005231669602360889,
        0.005147414367244304,
        0.004858215332288907,
        0.004559819797650665,
        0.004448726170094396,
        0.004191244000702476,
        0.003854680799177155,
        0.003826371782467965,
        0.003559474632824283,
        0.003320012966298762,
        0.0032385538003185704,
        0.0029696231124170702,
        0.0026862283423682086,
        0.0024713163572683138,
        0.002435210844436569,
        0.002188215670283832,
        0.0019699033479171203,
        0.0017567002728754147,
        0.0016601188047156586,
        0.0015674912411851615,
        0.0013895685811579478,
        0.0012279680221910045,
        0.0010830998332400949,
        0.000948199177019214,
        0.0008317526280282019,
        0.0007218527434217658,
        0.0006292764819441988,
        0.000542295467860443,
        0.00046881551676261277,
        0.0004020819321909069,
        0.00034419843881310563,
        0.0002942014605363447,
        0.0002491376510314323,
        0.00021232602499882797,
        0.00017807959695787475,
        0.00015097939710413108,
        0.00012590062587090547,
        0.00010567359006132608,
        8.818905247630763e-05,
        7.27804829396222e-05,
        6.123981559521387e-05,
        4.946261544615209e-05,
        4.2071668551784026e-05,
        3.3476082811773324e-05,
        2.8383909972316292e-05,
        2.2886410394855714e-05,
        1.859537997759119e-05,
        1.5883031985955988e-05,
        1.18024278407722e-05,
        1.1069229910619589e-05,
        7.713080642900971e-06,
        7.218784872634078e-06,
        5.246962493355857e-06,
        4.345820918869422e-06,
        3.5187865739641395e-06,
        2.563258350301796e-06,
        2.3254115785898632e-06,
        1.550118982214039e-06,
        1.4578496792095565e-06,
        1.0041711463175643e-06,
        8.362626860395597e-07,
        6.52709928760721e-07,
        4.7515002296836225e-07,
        4.2320916919842625e-07,
        2.858437070196408e-07,
        2.5745643572053373e-07,
        1.8090026988249785e-07,
        1.4602222645150226e-07,
        1.1088143672244146e-07,
        8.284603386701411e-08,
        6.508076375507135e-08,
        4.725691328939603e-08,
        3.6790802646502474e-08,
        2.6882356753295417e-08
      ],
      "materialization_seconds": 5.101916996005457,
      "one_norm_candidate": 0.03159486254482581,
      "post_rank_frobenius_tail_candidate": 3.018189300428853e-08,
      "schur_two_norm_upper_candidate": 0.031539716176898255,
      "seconds": 0.7646108779590577
    },
    "detail_block": {
      "frobenius_norm_candidate": 0.0004178447447205943,
      "infinity_norm_candidate": 0.00020962015544239058,
      "largest_singular_value_candidate": 0.00013052084468122413,
      "leading_singular_seconds": 3.926549634023104,