{
  "block_ratios": {
    "coarse_consistency": {
      "frobenius_second_to_first": 0.24981284401469683,
      "two_norm_second_to_first": 0.2497797735596718
    },
    "coarse_to_detail": {
      "frobenius_second_to_first": 0.5000282258458139,
      "two_norm_second_to_first": 0.5000282258458135
    },
    "detail_block": {
      "frobenius_second_to_first": 0.2500292331599994,
      "two_norm_second_to_first": 0.2500292331599994
    },
    "detail_to_coarse": {
      "frobenius_second_to_first": 0.5000402199971905,
      "two_norm_second_to_first": 0.5000516241608182
    }
  },
  "blocks": {
    "2048_to_4096": {
      "coarse_consistency": {
        "factor_rank": 4,
        "frobenius_norm": 8.350818856932868e-05,
        "singular_values": [
          6.56736929987999e-05,
          4.339015913260134e-05,
          2.7890711740843934e-05,
          1.2260992687016538e-14
        ],
        "two_norm": 6.56736929987999e-05
      },
      "coarse_to_detail": {
        "factor_rank": 2,
        "frobenius_norm": 0.0025743573939805233,
        "singular_values": [
          0.002574357393980524,
          5.120516846927509e-16
        ],
        "two_norm": 0.002574357393980524
      },
      "detail_block": {
        "factor_rank": 2,
        "frobenius_norm": 6.244505599125111e-06,
        "singular_values": [
          6.244505599125109e-06,
          7.84406673523766e-19
        ],
        "two_norm": 6.244505599125109e-06
      },
      "detail_to_coarse": {
        "factor_rank": 2,
        "frobenius_norm": 0.003525041944225771,
        "singular_values": [
          0.0032466341257252796,
          0.0013730577417672746
        ],
        "two_norm": 0.0032466341257252796
      }
    },
    "4096_to_8192": {
      "coarse_consistency": {
        "factor_rank": 4,
        "frobenius_norm": 2.0861418085019593e-05,
        "singular_values": [
          1.640396016606764e-05,
          1.0842533180351628e-05,
          6.968699245605048e-06,
          4.399466775080827e-15
        ],
        "two_norm": 1.640396016606764e-05
      },
      "coarse_to_detail": {
        "factor_rank": 2,
        "frobenius_norm": 0.001287251360405134,
        "singular_values": [
          0.0012872513604051336,
          6.345225437282548e-16
        ],
        "two_norm": 0.0012872513604051336
      },
      "detail_block": {
        "factor_rank": 2,
        "frobenius_norm": 1.5613089464125741e-06,
        "singular_values": [
          1.5613089464125737e-06,
          4.859808340816929e-19
        ],
        "two_norm": 1.5613089464125737e-06
      },
      "detail_to_coarse": {
        "factor_rank": 2,
        "frobenius_norm": 0.0017626627492899785,
        "singular_values": [
          0.001623484667624864,
          0.0006864965416675415
        ],
        "two_norm": 0.001623484667624864
      }
    }
  },
  "evidence_level": "exact_stored_inputs_with_floating_linear_algebra",
  "levels": {
    "2048": {
      "biorthogonality_two_norm_defect": 1.3266877859627811e-15,
      "dimension": 2048,
      "label": "2048",
      "leading_spectrum": [
        {
          "imag": 0.0,
          "modulus": 0.9999999999999994,
          "real": 0.9999999999999994
        },
        {
          "imag": 0.0,
          "modulus": 0.9865534036028716,
          "real": -0.9865534036028716
        },
        {
          "imag": 0.5265639319995001,
          "modulus": 0.6746693518397272,
          "real": -0.4217927925285867
        },
        {
          "imag": -0.5265639319995001,
          "modulus": 0.6746693518397272,
          "real": -0.4217927925285867
        },
        {
          "imag": 0.4735771988848682,
          "modulus": 0.6227661412605892,
          "real": 0.40442836621207234
        },
        {
          "imag": -0.4735771988848682,
          "modulus": 0.6227661412605892,
          "real": 0.40442836621207234
        },
        {
          "imag": 0.5259303950190195,
          "modulus": 0.5260866817277838,
          "real": 0.01282249143063172
        },
        {
          "imag": -0.5259303950190195,
          "modulus": 0.5260866817277838,
          "real": 0.01282249143063172
        },
        {
          "imag": 0.12251625226125298,
          "modulus": 0.33431289644874945,
          "real": 0.3110544657512721
        },
        {
          "imag": -0.12251625226125298,
          "modulus": 0.33431289644874945,
          "real": 0.3110544657512721
        },
        {
          "imag": -0.23822880309637356,
          "modulus": 0.249217838231207,
          "real": 0.07318858017413185
        },
        {
          "imag": 0.23822880309637356,
          "modulus": 0.249217838231207,
          "real": 0.07318858017413185
        }
      ],
      "left_mode_two_norms": [
        1.1059264392404462,
        1.1185298031280513
      ],
      "left_right_gram": [
        [
          0.9999999999999998,
          1.444132017399261e-16
        ],
        [
          1.3010591317407666e-15,
          0.9999999999999999
        ]
      ],
      "observed_bulk_radius": 0.6746693518397271,
      "parity_to_observed_bulk_radial_gap": 0.3118840517631468,
      "peripheral_values": [
        1.0000000000000024,
        -0.9865534036028739
      ],
      "projector_singular_values": [
        1.1480776414483347,
        1.059285159712974
      ],
      "residuals": {
        "parity": {
          "left": 2.2053121373181446e-15,
          "right": 1.5320229989744426e-15
        },
        "perron": {
          "left": 3.3065740687172613e-15,
          "right": 2.934584077729819e-15
        }
      },
      "right_mode_two_norms": [
        1.0,
        1.0000000000000004
      ],
      "weighted_term_singular_values": [
        1.240540417331928,
        0.9671499821048087
      ]
    },
    "4096": {
      "biorthogonality_two_norm_defect": 4.299657432981329e-15,
      "dimension": 4096,
      "label": "4096",
      "leading_spectrum": [
        {
          "imag": 0.0,
          "modulus": 0.9999999999999987,
          "real": 0.9999999999999987
        },
        {
          "imag": 0.0,
          "modulus": 0.986548192745808,
          "real": -0.986548192745808
        },
        {
          "imag": 0.5265843539436501,
          "modulus": 0.6746692837005409,
          "real": -0.4217671876174693
        },
        {
          "imag": -0.5265843539436501,
          "modulus": 0.6746692837005409,
          "real": -0.4217671876174693
        },
        {
          "imag": 0.4735663309778811,
          "modulus": 0.6227615226095037,
          "real": 0.4044339800351293
        },
        {
          "imag": -0.4735663309778811,
          "modulus": 0.6227615226095037,
          "real": 0.4044339800351293
        },
        {
          "imag": 0.5259099954368436,
          "modulus": 0.5260677768770144,
          "real": 0.012883422213968924
        },
        {
          "imag": -0.5259099954368436,
          "modulus": 0.5260677768770144,
          "real": 0.012883422213968924
        },
        {
          "imag": 0.12244487446378173,
          "modulus": 0.3343047960754056,
          "real": 0.31107386485619015
        },
        {
          "imag": -0.12244487446378173,
          "modulus": 0.3343047960754056,
          "real": 0.31107386485619015
        },
        {
          "imag": -0.2381986142270025,
          "modulus": 0.24921583875063272,
          "real": 0.07327997314762748
        },
        {
          "imag": 0.2381986142270025,
          "modulus": 0.24921583875063272,
          "real": 0.07327997314762748
        }
      ],
      "left_mode_two_norms": [
        1.105924245666914,
        1.1185410094878285
      ],
      "left_right_gram": [
        [
          1.0000000000000013,
          -2.3264301689508555e-16
        ],
        [
          1.5599500857721438e-15,
          1.000000000000004
        ]
      ],
      "observed_bulk_radius": 0.6746692837005408,