{
  "approximate_inverse_frobenius_upper": 81.06427407456587,
  "border_rank": 12,
  "bordered_dimension": 4108,
  "center_inverse_two_norm_upper": 81.06427410359522,
  "certificate_seconds": 29.094121180009097,
  "closed_arc_count": 1,
  "closed_arc_maximum": 933,
  "closed_arc_minimum": 933,
  "closed_arcs": [
    933
  ],
  "factor_nnz": 3672782,
  "factor_seconds": 2.3519799649948254,
  "inverse_sha256": "25690ec343863af7d92d673c02af385a40fe2741d71f2b57fe1410a91dd3a0a5",
  "matrix_nnz": 1290892,
  "physical_dimension": 2048,
  "residual_center_frobenius_upper": 5.4189752513350945e-14,
  "residual_center_sha256": "a0b4e2a994b4348ca2a8413c09caf8f557822fffb41e07e99f6965bdffc38916",
  "residual_frobenius_upper": 3.5810258321613204e-10,
  "residual_radius_frobenius_upper": 3.5805089052065457e-10,
  "residual_radius_sha256": "0a988f727382623f4104d2d80149b4eef5bb71b2a04e4449e2e0e5e8f6d9efc0",
  "sigma": 0.01,
  "source_arc": 933,
  "spectral_parameter_imag": -0.582973897808495,
  "spectral_parameter_real": -0.06282579370169382,
  "status": "rigorous_direct_center_certificate"
}
