{
  "approximate_inverse_frobenius_upper": 161.24184629624227,
  "border_rank": 12,
  "bordered_dimension": 4108,
  "center_inverse_two_norm_upper": 161.2418465388175,
  "certificate_seconds": 29.091748201986775,
  "closed_arc_count": 15,
  "closed_arc_maximum": 736,
  "closed_arc_minimum": 722,
  "closed_arcs": [
    722,
    723,
    724,
    725,
    726,
    727,
    728,
    729,
    730,
    731,
    732,
    733,
    734,
    735,
    736
  ],
  "factor_nnz": 3672782,
  "factor_seconds": 2.319617520959582,
  "inverse_sha256": "88bb1f1d45ecc66ea638d4f6cead7bffd441939b69a93c48fa8a08551e8892b5",
  "matrix_nnz": 1290892,
  "physical_dimension": 2048,
  "residual_center_frobenius_upper": 9.345180757775416e-14,
  "residual_center_sha256": "bd831ef447b1e9439dbea173d6ce9004488147582c097c470b79b02c2a627d32",
  "residual_frobenius_upper": 1.504418221097826e-09,
  "residual_radius_frobenius_upper": 1.5043258965036728e-09,
  "residual_radius_sha256": "78123b396d0037729a7180ac40c58b60b0119731925cfd575f2ce14a3c42005d",
  "sigma": 0.01,
  "source_arc": 729,
  "spectral_parameter_imag": -0.3402403840326251,
  "spectral_parameter_real": -0.16665686990450296,
  "status": "rigorous_direct_center_certificate"
}
