{
  "approximate_inverse_frobenius_upper": 83.51654810549611,
  "border_rank": 12,
  "bordered_dimension": 4108,
  "center_inverse_two_norm_upper": 83.51654813416114,
  "certificate_seconds": 28.937275189033244,
  "closed_arc_count": 1,
  "closed_arc_maximum": 890,
  "closed_arc_minimum": 890,
  "closed_arcs": [
    890
  ],
  "factor_nnz": 3672782,
  "factor_seconds": 2.3373444830067456,
  "inverse_sha256": "6a4c2d305506f9b0784f2d04c0587da571b913ca0aba6ce3ff8003609e1ff07c",
  "matrix_nnz": 1290892,
  "physical_dimension": 2048,
  "residual_center_frobenius_upper": 5.323743307927793e-14,
  "residual_center_sha256": "eb7271d8763af5406dc75078a3c27ca3b9c3e3f68698f580ac1353b8ca01644e",
  "residual_frobenius_upper": 3.432254894711221e-10,
  "residual_radius_frobenius_upper": 3.4317981500000243e-10,
  "residual_radius_sha256": "973423df2e5dff31254198ec47d52ece0f28322ec87fe35b541341a17aacd50b",
  "sigma": 0.01,
  "source_arc": 890,
  "spectral_parameter_imag": -0.32244449180856133,
  "spectral_parameter_real": -0.45273560406501134,
  "status": "rigorous_direct_center_certificate"
}
