{
  "approximate_inverse_frobenius_upper": 116.16651492825937,
  "border_rank": 12,
  "bordered_dimension": 4108,
  "center_inverse_two_norm_upper": 116.16651501688798,
  "certificate_seconds": 29.48784718097886,
  "closed_arc_count": 5,
  "closed_arc_maximum": 868,
  "closed_arc_minimum": 864,
  "closed_arcs": [
    864,
    865,
    866,
    867,
    868
  ],
  "factor_nnz": 3672782,
  "factor_seconds": 2.342493314004969,
  "inverse_sha256": "034cc20facc6bf4994976aa6b25f0a2008c8d314289dd7ea41a738e132b258ba",
  "matrix_nnz": 1290892,
  "physical_dimension": 2048,
  "residual_center_frobenius_upper": 6.401465130200847e-14,
  "residual_center_sha256": "6beb06e29a6fd1756fab179750d9960905e54d2e57e8a893e8810a3398ec209b",
  "residual_frobenius_upper": 7.629442562468207e-10,
  "residual_radius_frobenius_upper": 7.628853255387278e-10,
  "residual_radius_sha256": "9b81c4ba86d6cad5ac61b4803c9a159729e22cef9cf27b223564c8f39a4b2703",
  "sigma": 0.01,
  "source_arc": 866,
  "spectral_parameter_imag": -0.28874264636764774,
  "spectral_parameter_real": -0.3088617569901811,
  "status": "rigorous_direct_center_certificate"
}
