{
  "approximate_inverse_frobenius_upper": 51.28140934730004,
  "border_rank": 12,
  "bordered_dimension": 4108,
  "center_inverse_two_norm_upper": 51.28140935324191,
  "certificate_seconds": 28.96651658497285,
  "closed_arc_count": 1,
  "closed_arc_maximum": 916,
  "closed_arc_minimum": 916,
  "closed_arcs": [
    916
  ],
  "factor_nnz": 3672782,
  "factor_seconds": 2.3417305820039473,
  "inverse_sha256": "89d8406ee1b413acebba4837fe0e2cbf498d8329e5d568e2f7da89e527e3d78f",
  "matrix_nnz": 1290892,
  "physical_dimension": 2048,
  "residual_center_frobenius_upper": 5.026754064203581e-14,
  "residual_center_sha256": "748341197fb52c282e9eb3902db1d1b73680b02bb3ea29e20352dd57dd1e7178",
  "residual_frobenius_upper": 1.1586763397127864e-10,
  "residual_radius_frobenius_upper": 1.1582367536374265e-10,
  "residual_radius_sha256": "5a29362312ec973eddbadd3ff3371ea3a60f3cafdae6db86636baa1e3ee746fa",
  "sigma": 0.01,
  "source_arc": 916,
  "spectral_parameter_imag": -0.8104988540258208,
  "spectral_parameter_real": -0.3618670076444108,
  "status": "rigorous_direct_center_certificate"
}
