{
  "approximate_inverse_frobenius_upper": 494.5821958109896,
  "border_rank": 12,
  "bordered_dimension": 4108,
  "center_inverse_two_norm_upper": 494.582198349563,
  "certificate_seconds": 29.719952032959554,
  "closed_arc_count": 39,
  "closed_arc_maximum": 419,
  "closed_arc_minimum": 381,
  "closed_arcs": [
    381,
    382,
    383,
    384,
    385,
    386,
    387,
    388,
    389,
    390,
    391,
    392,
    393,
    394,
    395,
    396,
    397,
    398,
    399,
    400,
    401,
    402,
    403,
    404,
    405,
    406,
    407,
    408,
    409,
    410,
    411,
    412,
    413,
    414,
    415,
    416,
    417,
    418,
    419
  ],
  "factor_nnz": 3672782,
  "factor_seconds": 2.3119493590202183,
  "inverse_sha256": "119a09ac45d10e81326b3d509539b022658963ef866539e6dfa229ebbdd7a2d7",
  "matrix_nnz": 1290892,
  "physical_dimension": 2048,
  "residual_center_frobenius_upper": 2.941422274976162e-13,
  "residual_center_sha256": "b783d345f8fc2be16a274003a6452732789d742b8bec882c7e5c7a92860d6ecd",
  "residual_frobenius_upper": 5.132763086067233e-09,
  "residual_radius_frobenius_upper": 5.132477048279587e-09,
  "residual_radius_sha256": "ad770d240e7a23f235a945d1c653e3509ed3bad6c7180c4fd4c208456838dea5",
  "sigma": 0.01,
  "source_arc": 400,
  "spectral_parameter_imag": -0.4159330899185453,
  "spectral_parameter_real": -0.09817187176675553,
  "status": "rigorous_direct_center_certificate"
}
