{
  "approximate_inverse_frobenius_upper": 53.02624045041972,
  "border_rank": 12,
  "bordered_dimension": 4108,
  "center_inverse_two_norm_upper": 53.02624045701224,
  "certificate_seconds": 28.98493089596741,
  "closed_arc_count": 1,
  "closed_arc_maximum": 919,
  "closed_arc_minimum": 919,
  "closed_arcs": [
    919
  ],
  "factor_nnz": 3672782,
  "factor_seconds": 2.3381657680147327,
  "inverse_sha256": "d15cbc31356bd9ef47ea9ac3d853dffb5ce83173d4e045942e1a422f659b7896",
  "matrix_nnz": 1290892,
  "physical_dimension": 2048,
  "residual_center_frobenius_upper": 5.021317963621555e-14,
  "residual_center_sha256": "00fbe8aff7b516e0994612c8785b709551afa98991aaff9fe5f2b80b060dcbe3",
  "residual_frobenius_upper": 1.2432540094850441e-10,
  "residual_radius_frobenius_upper": 1.2428097889281607e-10,
  "residual_radius_sha256": "d0af63ceb9bc994a957b4f77c6cd10a9c977cac288dc3367ee11065f26306c6e",
  "sigma": 0.01,
  "source_arc": 919,
  "spectral_parameter_imag": -0.8104988540258208,
  "spectral_parameter_real": -0.2848338726564974,
  "status": "rigorous_direct_center_certificate"
}
