{
  "approximate_inverse_frobenius_upper": 91.09272525683497,
  "border_rank": 12,
  "bordered_dimension": 4108,
  "center_inverse_two_norm_upper": 91.09272530182331,
  "certificate_seconds": 30.259284562023822,
  "closed_arc_count": 3,
  "closed_arc_maximum": 2,
  "closed_arc_minimum": 0,
  "closed_arcs": [
    0,
    1,
    2
  ],
  "factor_nnz": 3672782,
  "factor_seconds": 2.320931163034402,
  "inverse_sha256": "65ab06703923a6a82187a9326190d878312ef71be8af38bda62f57774de08e1f",
  "matrix_nnz": 1290892,
  "physical_dimension": 2048,
  "residual_center_frobenius_upper": 5.949464695895106e-14,
  "residual_center_sha256": "c89ad94530a6e8d08b9269fc6effef126ba604ad1129cc7c90d7ecd7949235ee",
  "residual_frobenius_upper": 4.938738203854999e-10,
  "residual_radius_frobenius_upper": 4.938166164812798e-10,
  "residual_radius_sha256": "bf1887da62a0502236f4eac55159a647a0769f828871f30bfc73e1ccf49cde76",
  "sigma": 0.01,
  "source_arc": 1,
  "spectral_parameter_imag": -0.541179397090493,
  "spectral_parameter_real": -0.06102955406943425,
  "status": "rigorous_direct_center_certificate"
}
