{
  "approximate_inverse_frobenius_upper": 264.86156737380344,
  "border_rank": 12,
  "bordered_dimension": 4108,
  "center_inverse_two_norm_upper": 264.86156808094,
  "certificate_seconds": 31.13012319401605,
  "closed_arc_count": 31,
  "closed_arc_maximum": 557,
  "closed_arc_minimum": 527,
  "closed_arcs": [
    527,
    528,
    529,
    530,
    531,
    532,
    533,
    534,
    535,
    536,
    537,
    538,
    539,
    540,
    541,
    542,
    543,
    544,
    545,
    546,
    547,
    548,
    549,
    550,
    551,
    552,
    553,
    554,
    555,
    556,
    557
  ],
  "factor_nnz": 3672782,
  "factor_seconds": 2.310835229989607,
  "inverse_sha256": "e574531596e97f0e54db405d8acd2001b7721a7f189a37cf459388f7e853832b",
  "matrix_nnz": 1290892,
  "physical_dimension": 2048,
  "residual_center_frobenius_upper": 1.8065925724047039e-13,
  "residual_center_sha256": "49eddbff166a0bf354d10035ffce6e536d8a426466ce20a6fcf7aa6cb41972c5",
  "residual_frobenius_upper": 2.6698341258685315e-09,
  "residual_radius_frobenius_upper": 2.669663465839368e-09,
  "residual_radius_sha256": "05d8ceb87216abec258c1b8672d9580bc89391820e16c2955a3038034b049db5",
  "sigma": 0.01,
  "source_arc": 545,
  "spectral_parameter_imag": -0.39439007410587884,
  "spectral_parameter_real": -0.11256944246016987,
  "status": "rigorous_direct_center_certificate"
}
