{
  "approximate_inverse_frobenius_upper": 173.63837975058385,
  "border_rank": 12,
  "bordered_dimension": 4108,
  "center_inverse_two_norm_upper": 173.63838003553948,
  "certificate_seconds": 28.878513202012982,
  "closed_arc_count": 27,
  "closed_arc_maximum": 690,
  "closed_arc_minimum": 664,
  "closed_arcs": [
    664,
    665,
    666,
    667,
    668,
    669,
    670,
    671,
    672,
    673,
    674,
    675,
    676,
    677,
    678,
    679,
    680,
    681,
    682,
    683,
    684,
    685,
    686,
    687,
    688,
    689,
    690
  ],
  "factor_nnz": 3672782,
  "factor_seconds": 2.3209325370262377,
  "inverse_sha256": "9c60fc45c2c811b871e9be3d913cd5aab6026cfe574b3691dca5a170c48bbff0",
  "matrix_nnz": 1290892,
  "physical_dimension": 2048,
  "residual_center_frobenius_upper": 1.0210697518630431e-13,
  "residual_center_sha256": "df4f070e1cab7bb58d2e7212643fbef40e614f9b542885e1c9652bf1ebf2f7bc",
  "residual_frobenius_upper": 1.64108639863561e-09,
  "residual_radius_frobenius_upper": 1.6409849575421472e-09,
  "residual_radius_sha256": "1a44468a307eab849ce06d9309a04f2a809ee30e0c50a77c3ac512f1b02214ac",
  "sigma": 0.01,
  "source_arc": 677,
  "spectral_parameter_imag": -0.3562073459021751,
  "spectral_parameter_real": -0.1472162782263969,
  "status": "rigorous_direct_center_certificate"
}
