{
  "approximate_inverse_frobenius_upper": 109.40373756018401,
  "border_rank": 12,
  "bordered_dimension": 4108,
  "center_inverse_two_norm_upper": 109.4037376323662,
  "certificate_seconds": 28.696286717022303,
  "closed_arc_count": 5,
  "closed_arc_maximum": 876,
  "closed_arc_minimum": 872,
  "closed_arcs": [
    872,
    873,
    874,
    875,
    876
  ],
  "factor_nnz": 3672781,
  "factor_seconds": 2.3406734250020236,
  "inverse_sha256": "feef7d207ed4ba4cf16de62fa990776df0f7b8566b47fbd711f06a01bad8294f",
  "matrix_nnz": 1290892,
  "physical_dimension": 2048,
  "residual_center_frobenius_upper": 6.064702263883755e-14,
  "residual_center_sha256": "39e5f469ec112716a703baa39114fe5a4c225f18b95f24815bde149b8bfe2145",
  "residual_frobenius_upper": 6.597778962495799e-10,
  "residual_radius_frobenius_upper": 6.597229706584124e-10,
  "residual_radius_sha256": "2453aba8243819e4d2138fbea31a1492da5a9af84290d77ffa6b46869a62a5df",
  "sigma": 0.01,
  "source_arc": 874,
  "spectral_parameter_imag": -0.2885845834801607,
  "spectral_parameter_real": -0.33462167932177317,
  "status": "rigorous_direct_center_certificate"
}
