{
  "approximate_inverse_frobenius_upper": 52.42128068470664,
  "border_rank": 12,
  "bordered_dimension": 4108,
  "center_inverse_two_norm_upper": 52.421280691001286,
  "certificate_seconds": 29.039034999965224,
  "closed_arc_count": 1,
  "closed_arc_maximum": 906,
  "closed_arc_minimum": 906,
  "closed_arcs": [
    906
  ],
  "factor_nnz": 3672782,
  "factor_seconds": 2.336106007976923,
  "inverse_sha256": "59b126b42a8a37392dcf7e569d58271ca0b107aefac7d0209f7d71972015cf8e",
  "matrix_nnz": 1290892,
  "physical_dimension": 2048,
  "residual_center_frobenius_upper": 5.5698773477776074e-14,
  "residual_center_sha256": "953487fb2d922323deea9b9df7305bf5329fed47000c4b7a2a4d01a12d989d90",
  "residual_frobenius_upper": 1.200778913677115e-10,
  "residual_radius_frobenius_upper": 1.200305507994099e-10,
  "residual_radius_sha256": "69158c0cc67da1bdf6ebb736644fa93b228cba335debc915da506dcb90fe8ead",
  "sigma": 0.01,
  "source_arc": 906,
  "spectral_parameter_imag": -0.6630739289971527,
  "spectral_parameter_real": -0.5606465080030515,
  "status": "rigorous_direct_center_certificate"
}
