{
  "approximate_inverse_frobenius_upper": 152.37027341951224,
  "border_rank": 12,
  "bordered_dimension": 4108,
  "center_inverse_two_norm_upper": 152.3702736323193,
  "certificate_seconds": 29.414873492030893,
  "closed_arc_count": 15,
  "closed_arc_maximum": 769,
  "closed_arc_minimum": 755,
  "closed_arcs": [
    755,
    756,
    757,
    758,
    759,
    760,
    761,
    762,
    763,
    764,
    765,
    766,
    767,
    768,
    769
  ],
  "factor_nnz": 3672782,
  "factor_seconds": 2.3154238180140965,
  "inverse_sha256": "d9a15a638150f2a9e69f868180b571d61af6794bc4d62f4c0814c5036f0629bb",
  "matrix_nnz": 1290892,
  "physical_dimension": 2048,
  "residual_center_frobenius_upper": 8.791467950711621e-14,
  "residual_center_sha256": "a0a335268475d81ca4d27645bfd83dd0414acabb06d63d641c27b15a7601dd33",
  "residual_frobenius_upper": 1.3966440763128573e-09,
  "residual_radius_frobenius_upper": 1.3965579766164786e-09,
  "residual_radius_sha256": "a76c2dffbbe11044b1e43f119fd991a1e2953ea884fd6c60e9c293915f30f95f",
  "sigma": 0.01,
  "source_arc": 762,
  "spectral_parameter_imag": -0.32548180374916774,
  "spectral_parameter_real": -0.18874464620548645,
  "status": "rigorous_direct_center_certificate"
}
