{
  "approximate_inverse_frobenius_upper": 50.97195809271666,
  "border_rank": 12,
  "bordered_dimension": 4108,
  "center_inverse_two_norm_upper": 50.9719580985176,
  "certificate_seconds": 28.95818810001947,
  "closed_arc_count": 1,
  "closed_arc_maximum": 909,
  "closed_arc_minimum": 909,
  "closed_arcs": [
    909
  ],
  "factor_nnz": 3672782,
  "factor_seconds": 2.3418324060039595,
  "inverse_sha256": "06882221ea567b8413e3ae44258c068af545a719d881e6059dab92695fe678ec",
  "matrix_nnz": 1290892,
  "physical_dimension": 2048,
  "residual_center_frobenius_upper": 5.32159919969725e-14,
  "residual_center_sha256": "368550daa6c98f6d22122181258dc61f9305508f873be9dc5dc7f5f8a77415ab",
  "residual_frobenius_upper": 1.1380618236315991e-10,
  "residual_radius_frobenius_upper": 1.1376096549059842e-10,
  "residual_radius_sha256": "4b818e7b6b71ddd32620fd32687c5d4e7c5031db407e3677a3aba010cbe35666",
  "sigma": 0.01,
  "source_arc": 909,
  "spectral_parameter_imag": -0.7271246398800026,
  "spectral_parameter_real": -0.517849191247586,
  "status": "rigorous_direct_center_certificate"
}
