{
  "approximate_inverse_frobenius_upper": 130.39611103417144,
  "border_rank": 12,
  "bordered_dimension": 4108,
  "center_inverse_two_norm_upper": 130.39611116588608,
  "certificate_seconds": 29.24454477499239,
  "closed_arc_count": 9,
  "closed_arc_maximum": 845,
  "closed_arc_minimum": 837,
  "closed_arcs": [
    837,
    838,
    839,
    840,
    841,
    842,
    843,
    844,
    845
  ],
  "factor_nnz": 3672782,
  "factor_seconds": 2.3434996969881468,
  "inverse_sha256": "4f3d15ae27b79d3d48590dcb39b67a4825a4ee87554d77a05403d1e3c3c3aae8",
  "matrix_nnz": 1290892,
  "physical_dimension": 2048,
  "residual_center_frobenius_upper": 7.893085596678455e-14,
  "residual_center_sha256": "e71ea60301cc32301a75d3ea08edc3e5d29fa5779cf7b85b7a3211aa99b74fc7",
  "residual_frobenius_upper": 1.0101113596131142e-09,
  "residual_radius_frobenius_upper": 1.0100369399159317e-09,
  "residual_radius_sha256": "61335059ebd55eef1e47d8ad13577b98144cc77c7256c09614dcb36e08888a8c",
  "sigma": 0.01,
  "source_arc": 841,
  "spectral_parameter_imag": -0.2964061257652065,
  "spectral_parameter_real": -0.258787544597219,
  "status": "rigorous_direct_center_certificate"
}
