{
  "approximate_inverse_frobenius_upper": 137.703167824091,
  "border_rank": 12,
  "bordered_dimension": 4108,
  "center_inverse_two_norm_upper": 137.70316798222478,
  "certificate_seconds": 28.97613233095035,
  "closed_arc_count": 13,
  "closed_arc_maximum": 829,
  "closed_arc_minimum": 817,
  "closed_arcs": [
    817,
    818,
    819,
    820,
    821,
    822,
    823,
    824,
    825,
    826,
    827,
    828,
    829
  ],
  "factor_nnz": 3672780,
  "factor_seconds": 2.3132443020003848,
  "inverse_sha256": "1e6d11e6933747bab5ead1c907a772cebb97bebd1eab61db00c82e4c615e1070",
  "matrix_nnz": 1290892,
  "physical_dimension": 2048,
  "residual_center_frobenius_upper": 1.960416473878847e-13,
  "residual_center_sha256": "8f74613b1ed339930f84422e602a31f956fd88866539294e8eebe95888e85edd",
  "residual_frobenius_upper": 1.1483666798871382e-09,
  "residual_radius_frobenius_upper": 1.1482065329611022e-09,
  "residual_radius_sha256": "880bf6f0f3a7b85fbad1bf8896f9b67d09dcabed54fe28b93942561ca4612343",
  "sigma": 0.01,
  "source_arc": 825,
  "spectral_parameter_imag": -0.3038230440389889,
  "spectral_parameter_real": -0.23453824609749127,
  "status": "rigorous_direct_center_certificate"
}
