{
  "approximate_inverse_frobenius_upper": 81.45767912033432,
  "border_rank": 12,
  "bordered_dimension": 4108,
  "center_inverse_two_norm_upper": 81.45767914664788,
  "certificate_seconds": 29.21082913602004,
  "closed_arc_count": 1,
  "closed_arc_maximum": 891,
  "closed_arc_minimum": 891,
  "closed_arcs": [
    891
  ],
  "factor_nnz": 3672782,
  "factor_seconds": 2.3257096669985913,
  "inverse_sha256": "540850997ba6d825f4e11a6fedc9ee28a9808290110376b640d87f930e725b88",
  "matrix_nnz": 1290892,
  "physical_dimension": 2048,
  "residual_center_frobenius_upper": 5.5507807817761114e-14,
  "residual_center_sha256": "3f9bfba4dca13131eaa1e538f28dfda8a6d8b070b743dfcfbe10dbaeb4b6c7da",
  "residual_frobenius_upper": 3.2303331079759643e-10,
  "residual_radius_frobenius_upper": 3.2298497396105897e-10,
  "residual_radius_sha256": "c9f373cb915f82042f1c2874ccf68d774a45309bf1329129b4ade1dedf523faa",
  "sigma": 0.01,
  "source_arc": 891,
  "spectral_parameter_imag": -0.3290682347890815,
  "spectral_parameter_real": -0.4637866515917005,
  "status": "rigorous_direct_center_certificate"
}
