{
  "approximate_inverse_frobenius_upper": 167.082171446962,
  "border_rank": 12,
  "bordered_dimension": 4108,
  "center_inverse_two_norm_upper": 167.08217170905914,
  "certificate_seconds": 29.070772620965727,
  "closed_arc_count": 28,
  "closed_arc_maximum": 719,
  "closed_arc_minimum": 692,
  "closed_arcs": [
    692,
    693,
    694,
    695,
    696,
    697,
    698,
    699,
    700,
    701,
    702,
    703,
    704,
    705,
    706,
    707,
    708,
    709,
    710,
    711,
    712,
    713,
    714,
    715,
    716,
    717,
    718,
    719
  ],
  "factor_nnz": 3672782,
  "factor_seconds": 2.313399581995327,
  "inverse_sha256": "ed13daf8bdf57a42a864867cc3178a80819083fb9ac903d787bd3546581e89bd",
  "matrix_nnz": 1290892,
  "physical_dimension": 2048,
  "residual_center_frobenius_upper": 9.493874119799668e-14,
  "residual_center_sha256": "58c16cd06c28ded05fe01a11f1396e1620a98c3e03338ffa510291f0714b6cbf",
  "residual_frobenius_upper": 1.5686717978450999e-09,
  "residual_radius_frobenius_upper": 1.568577706794237e-09,
  "residual_radius_sha256": "2cefdfc6348546124075b964854673cce68f5166f25a7841e8e5f7c01c5d026a",
  "sigma": 0.01,
  "source_arc": 706,
  "spectral_parameter_imag": -0.34856707784346314,
  "spectral_parameter_real": -0.15604605007513275,
  "status": "rigorous_direct_center_certificate"
}
