{
  "approximate_inverse_frobenius_upper": 50.925110900591044,
  "border_rank": 12,
  "bordered_dimension": 4108,
  "center_inverse_two_norm_upper": 50.92511090640515,
  "certificate_seconds": 28.997321859991644,
  "closed_arc_count": 1,
  "closed_arc_maximum": 915,
  "closed_arc_minimum": 915,
  "closed_arcs": [
    915
  ],
  "factor_nnz": 3672782,
  "factor_seconds": 2.329907306993846,
  "inverse_sha256": "0b843d6b19dc8634fd7c7e4326c71f91889a2ecf2835efb188213ad244121fb2",
  "matrix_nnz": 1290892,
  "physical_dimension": 2048,
  "residual_center_frobenius_upper": 5.0578089286950926e-14,
  "residual_center_sha256": "4f004763a3048ea190d6278cf5bd06adce3cb8b2b0076cec174e569e4f142e94",
  "residual_frobenius_upper": 1.141695792038626e-10,
  "residual_radius_frobenius_upper": 1.1412482649691177e-10,
  "residual_radius_sha256": "e9ebbd70a8f69307a7c29a6df95b6c9c0c550b872c54810aa465ed7df4a1cdac",
  "sigma": 0.01,
  "source_arc": 915,
  "spectral_parameter_imag": -0.8054732478774246,
  "spectral_parameter_real": -0.3871324359061138,
  "status": "rigorous_direct_center_certificate"
}
