{
  "approximate_inverse_frobenius_upper": 60.3972551569246,
  "border_rank": 12,
  "bordered_dimension": 4108,
  "center_inverse_two_norm_upper": 60.39725516664149,
  "certificate_seconds": 28.808836102019995,
  "closed_arc_count": 1,
  "closed_arc_maximum": 899,
  "closed_arc_minimum": 899,
  "closed_arcs": [
    899
  ],
  "factor_nnz": 3672782,
  "factor_seconds": 2.333346209023148,
  "inverse_sha256": "731c91a8e473d03c2026513e72ed24d8c864b516433041fc1d89c68eb591b2e6",
  "matrix_nnz": 1290892,
  "physical_dimension": 2048,
  "residual_center_frobenius_upper": 5.693568133064766e-14,
  "residual_center_sha256": "03f9c9f2611ac4b2e7aca9295d27938bf5dbb8ded02991034cf199e8b7a96dad",
  "residual_frobenius_upper": 1.6088275045235904e-10,
  "residual_radius_frobenius_upper": 1.6083459591158718e-10,
  "residual_radius_sha256": "eff8687413b51bef35eed71a468a55589005f2fd682423a7b2152309f3993e2e",
  "sigma": 0.01,
  "source_arc": 899,
  "spectral_parameter_imag": -0.48705925168969777,
  "spectral_parameter_real": -0.5779824405825212,
  "status": "rigorous_direct_center_certificate"
}
