{
  "approximate_inverse_frobenius_upper": 148.8094753816631,
  "border_rank": 12,
  "bordered_dimension": 4108,
  "center_inverse_two_norm_upper": 148.80947558175396,
  "certificate_seconds": 29.597030844015535,
  "closed_arc_count": 15,
  "closed_arc_maximum": 784,
  "closed_arc_minimum": 770,
  "closed_arcs": [
    770,
    771,
    772,
    773,
    774,
    775,
    776,
    777,
    778,
    779,
    780,
    781,
    782,
    783,
    784
  ],
  "factor_nnz": 3672782,
  "factor_seconds": 2.302567605045624,
  "inverse_sha256": "be6255a3b692fe2cd2aa6a54f8db8cc8185509edbd8a14eb62ff9b943ba2b415",
  "matrix_nnz": 1290892,
  "physical_dimension": 2048,
  "residual_center_frobenius_upper": 8.8662395503938e-14,
  "residual_center_sha256": "ba7283daf430fd49d08f6acdb6d6845380a87d0d5ab7511c6f9295d57db4fb98",
  "residual_frobenius_upper": 1.3446107131585553e-09,
  "residual_radius_frobenius_upper": 1.3445248786909253e-09,
  "residual_radius_sha256": "f82ec8e4b206ea09c0f4dd89e0d1cfb1a3e1ec3c79ba532f53e95a92c0157b6b",
  "sigma": 0.01,
  "source_arc": 777,
  "spectral_parameter_imag": -0.3195280984728883,
  "spectral_parameter_real": -0.19925440580990195,
  "status": "rigorous_direct_center_certificate"
}
