{
  "approximate_inverse_frobenius_upper": 62.05390370349237,
  "border_rank": 12,
  "bordered_dimension": 4108,
  "center_inverse_two_norm_upper": 62.0539037144611,
  "certificate_seconds": 28.854799773951527,
  "closed_arc_count": 1,
  "closed_arc_maximum": 926,
  "closed_arc_minimum": 926,
  "closed_arcs": [
    926
  ],
  "factor_nnz": 3672782,
  "factor_seconds": 2.337386608996894,
  "inverse_sha256": "5b048ea63b404211b4b66347c69e8621b3d5818d77efcbbb601091f17718d937",
  "matrix_nnz": 1290892,
  "physical_dimension": 2048,
  "residual_center_frobenius_upper": 5.262237259102469e-14,
  "residual_center_sha256": "2b9aafef3c54e8e6486541a00b325712beee48508aca1bb1d313164bd51d9e98",
  "residual_frobenius_upper": 1.7676120107167366e-10,
  "residual_radius_frobenius_upper": 1.7671355003259668e-10,
  "residual_radius_sha256": "79a5b2d2f7ed8ce9b2232ca6a34142bc5737c4cf0723fe4d929d388e8c886492",
  "sigma": 0.01,
  "source_arc": 926,
  "spectral_parameter_imag": -0.7271246398800026,
  "spectral_parameter_real": -0.12885168905332223,
  "status": "rigorous_direct_center_certificate"
}
