{
  "approximate_inverse_frobenius_upper": 58.606956480036196,
  "border_rank": 12,
  "bordered_dimension": 4108,
  "center_inverse_two_norm_upper": 58.606956489105876,
  "certificate_seconds": 28.99547139502829,
  "closed_arc_count": 1,
  "closed_arc_maximum": 924,
  "closed_arc_minimum": 924,
  "closed_arcs": [
    924
  ],
  "factor_nnz": 3672782,
  "factor_seconds": 2.3474631760036573,
  "inverse_sha256": "e90bd67448eecbe387d8e2aa5277f67d0089c479ee09941c65e28ac8ca0f48b9",
  "matrix_nnz": 1290892,
  "physical_dimension": 2048,
  "residual_center_frobenius_upper": 5.2691914782716105e-14,
  "residual_center_sha256": "b101aafbc67e9dbfe27487c485e1bfd11be1df6837ce721527ac7de12d36819e",
  "residual_frobenius_upper": 1.5475410656032823e-10,
  "residual_radius_frobenius_upper": 1.5470635079260209e-10,
  "residual_radius_sha256": "a8e9fb45bac8838b50fd5213601d31ff5f6efbe7b15d9099660386cd49e6d9f4",
  "sigma": 0.01,
  "source_arc": 924,
  "spectral_parameter_imag": -0.7616822279080779,
  "spectral_parameter_real": -0.16698011181374595,
  "status": "rigorous_direct_center_certificate"
}
