{
  "approximate_inverse_frobenius_upper": 50.70628365049412,
  "border_rank": 12,
  "bordered_dimension": 4108,
  "center_inverse_two_norm_upper": 50.70628365621007,
  "certificate_seconds": 28.91364937904291,
  "closed_arc_count": 1,
  "closed_arc_maximum": 910,
  "closed_arc_minimum": 910,
  "closed_arcs": [
    910
  ],
  "factor_nnz": 3672782,
  "factor_seconds": 2.332793887006119,
  "inverse_sha256": "0a2279a867afc0539d9f418d0470e87b9341241fd92a83bdef6a65be9d01a577",
  "matrix_nnz": 1290892,
  "physical_dimension": 2048,
  "residual_center_frobenius_upper": 5.2529395373103276e-14,
  "residual_center_sha256": "6e50605711a2197666c88d2ea7232166af5e6a51d87b69f4826c66e18e98e232",
  "residual_frobenius_upper": 1.1272636994414281e-10,
  "residual_radius_frobenius_upper": 1.1268146053035257e-10,
  "residual_radius_sha256": "18e1c852cdf11de14f737f255ffc1f17ca126177d8ece3876b821dd4b7174055",
  "sigma": 0.01,
  "source_arc": 910,
  "spectral_parameter_imag": -0.7453399985424893,
  "spectral_parameter_real": -0.49963383258509936,
  "status": "rigorous_direct_center_certificate"
}
