{
  "approximate_inverse_frobenius_upper": 100.47228858820114,
  "border_rank": 12,
  "bordered_dimension": 4108,
  "center_inverse_two_norm_upper": 100.47228864217381,
  "certificate_seconds": 29.257478035986423,
  "closed_arc_count": 3,
  "closed_arc_maximum": 882,
  "closed_arc_minimum": 880,
  "closed_arcs": [
    880,
    881,
    882
  ],
  "factor_nnz": 3672782,
  "factor_seconds": 2.311452105990611,
  "inverse_sha256": "a09b1a299704dd2bc259fa4fc9c7b7d7a66a27a67a6b63b89e465307a2a11245",
  "matrix_nnz": 1290892,
  "physical_dimension": 2048,
  "residual_center_frobenius_upper": 5.659862953839076e-14,
  "residual_center_sha256": "c1d5abc3961b32d1a441184c50223254f36035ba94b7acc40b87f69862706e52",
  "residual_frobenius_upper": 5.371892627611724e-10,
  "residual_radius_frobenius_upper": 5.371395006950977e-10,
  "residual_radius_sha256": "65a0c26aa365e7235fcac4fafa0b6b19523afb8b88ae43c5a5ebcac8d6c90dcb",
  "sigma": 0.01,
  "source_arc": 881,
  "spectral_parameter_imag": -0.2927772767475513,
  "spectral_parameter_real": -0.3713981836384998,
  "status": "rigorous_direct_center_certificate"
}
