{
  "approximate_inverse_frobenius_upper": 119.68789357080024,
  "border_rank": 12,
  "bordered_dimension": 4108,
  "center_inverse_two_norm_upper": 119.68789366899094,
  "certificate_seconds": 29.364822285017,
  "closed_arc_count": 5,
  "closed_arc_maximum": 864,
  "closed_arc_minimum": 860,
  "closed_arcs": [
    860,
    861,
    862,
    863,
    864
  ],
  "factor_nnz": 3672782,
  "factor_seconds": 2.3428908470086753,
  "inverse_sha256": "a06575e2ea458159d3ce818ef08b8112ee419826627bf51f180e25989a298042",
  "matrix_nnz": 1290892,
  "physical_dimension": 2048,
  "residual_center_frobenius_upper": 6.621795256876908e-14,
  "residual_center_sha256": "0f3d8f93eaa9538708cc35ceed04aef0172eece65daac6f9891425456f85cc4a",
  "residual_frobenius_upper": 8.203893544013874e-10,
  "residual_radius_frobenius_upper": 8.203277211138507e-10,
  "residual_radius_sha256": "172a981f9a8305ded9b202cb81fa3a2a5ad083a6be3bfca623ed8e1f6d0a54cf",
  "sigma": 0.01,
  "source_arc": 862,
  "spectral_parameter_imag": -0.2897692815979503,
  "spectral_parameter_real": -0.29601864044422416,
  "status": "rigorous_direct_center_certificate"
}
