{
  "approximate_inverse_frobenius_upper": 51.825684290439234,
  "border_rank": 12,
  "bordered_dimension": 4108,
  "center_inverse_two_norm_upper": 51.825684296525985,
  "certificate_seconds": 28.859578482981306,
  "closed_arc_count": 1,
  "closed_arc_maximum": 907,
  "closed_arc_minimum": 907,
  "closed_arcs": [
    907
  ],
  "factor_nnz": 3672782,
  "factor_seconds": 2.3344121240079403,
  "inverse_sha256": "5a461fcdf71a69d15ec0e2fdb703a0d0643a209d0ec0346a4ea4b49f433e2136",
  "matrix_nnz": 1290892,
  "physical_dimension": 2048,
  "residual_center_frobenius_upper": 5.512677560334322e-14,
  "residual_center_sha256": "77772ef78f1b5851e15e2234dad82c0ba8957cdf5cc5a362c9e7b3e100bd187d",
  "residual_frobenius_upper": 1.1744633382408545e-10,
  "residual_radius_frobenius_upper": 1.173995119844075e-10,
  "residual_radius_sha256": "4ee56078115db06eaf378fa338d25bf74fc88243fc49c25d9c5d8993f2011df2",
  "sigma": 0.01,
  "source_arc": 907,
  "spectral_parameter_imag": -0.6857925799415294,
  "spectral_parameter_real": -0.5485031360795032,
  "status": "rigorous_direct_center_certificate"
}
