{
  "approximate_inverse_frobenius_upper": 53.85161268373294,
  "border_rank": 12,
  "bordered_dimension": 4108,
  "center_inverse_two_norm_upper": 53.85161269065141,
  "certificate_seconds": 29.01948351797182,
  "closed_arc_count": 1,
  "closed_arc_maximum": 920,
  "closed_arc_minimum": 920,
  "closed_arcs": [
    920
  ],
  "factor_nnz": 3672781,
  "factor_seconds": 2.340433456003666,
  "inverse_sha256": "597c83e08c00b2f050289ab2d3a66b221e64a192ad4094b9f70635d6336c98a4",
  "matrix_nnz": 1290892,
  "physical_dimension": 2048,
  "residual_center_frobenius_upper": 5.014179840748399e-14,
  "residual_center_sha256": "98ab6358931e2f49b4b2fa955196fe32d064958458ab52f603dd17fe75b5b52e",
  "residual_frobenius_upper": 1.284726159688304e-10,
  "residual_radius_frobenius_upper": 1.284288856935584e-10,
  "residual_radius_sha256": "7d01e5c88d4ce086f5b7e237197a915101c4976e1fbddc2f54b0185962490550",
  "sigma": 0.01,
  "source_arc": 920,
  "spectral_parameter_imag": -0.8054732478774246,
  "spectral_parameter_real": -0.25956844439479443,
  "status": "rigorous_direct_center_certificate"
}
