{
  "approximate_inverse_frobenius_upper": 62.21457252026149,
  "border_rank": 12,
  "bordered_dimension": 4108,
  "center_inverse_two_norm_upper": 62.21457253094173,
  "certificate_seconds": 28.942406421992928,
  "closed_arc_count": 1,
  "closed_arc_maximum": 898,
  "closed_arc_minimum": 898,
  "closed_arcs": [
    898
  ],
  "factor_nnz": 3672782,
  "factor_seconds": 2.3325034030131064,
  "inverse_sha256": "77a4dfa9b9cd9fa28b8815e534c32ff35af9874a1b8e5e283cde6898516d961c",
  "matrix_nnz": 1290892,
  "physical_dimension": 2048,
  "residual_center_frobenius_upper": 5.6250269786589095e-14,
  "residual_center_sha256": "c7bf90dbd19e737aca1e9386c1b1f9f557bfe02c0c3a6e79eeda924b8cb7f231",
  "residual_frobenius_upper": 1.7166753359016638e-10,
  "residual_radius_frobenius_upper": 1.7161945244493615e-10,
  "residual_radius_sha256": "6408fc1db6c474814f30f69a012a06854d0d518d3f9a9ba329ae52334fe5ca4a",
  "sigma": 0.01,
  "source_arc": 898,
  "spectral_parameter_imag": -0.4624080789139074,
  "spectral_parameter_real": -0.5705045890739535,
  "status": "rigorous_direct_center_certificate"
}
