{
  "approximate_inverse_frobenius_upper": 78.56546347619202,
  "border_rank": 12,
  "bordered_dimension": 4108,
  "center_inverse_two_norm_upper": 78.565463499442,
  "certificate_seconds": 29.042927737056743,
  "closed_arc_count": 0,
  "closed_arc_maximum": null,
  "closed_arc_minimum": null,
  "closed_arcs": [],
  "factor_nnz": 3672782,
  "factor_seconds": 2.3493374680401757,
  "inverse_sha256": "467c6901bff8474b810a9ab558146d55bb231c8f54284814de6381ffa3eb4c8d",
  "matrix_nnz": 1290892,
  "physical_dimension": 2048,
  "residual_center_frobenius_upper": 5.4200664766035265e-14,
  "residual_center_sha256": "5090028577f5d04ec76dc33a7eab75ce0d75617d5e565f8b420c0990067b75c3",
  "residual_frobenius_upper": 2.9593097873549107e-10,
  "residual_radius_frobenius_upper": 2.958833963399818e-10,
  "residual_radius_sha256": "4bf14d894f248920dd80075c1e27028ad1153fcff5f478022c683956ce3d442e",
  "sigma": 0.01,
  "source_arc": 892,
  "spectral_parameter_imag": -0.34000026698263697,
  "spectral_parameter_real": -0.4797207684871623,
  "status": "rigorous_direct_center_certificate"
}
