{
  "approximate_inverse_frobenius_upper": 359.5755482493874,
  "border_rank": 12,
  "bordered_dimension": 4108,
  "center_inverse_two_norm_upper": 359.5755495794898,
  "certificate_seconds": 31.020374150015414,
  "closed_arc_count": 27,
  "closed_arc_maximum": 486,
  "closed_arc_minimum": 460,
  "closed_arcs": [
    460,
    461,
    462,
    463,
    464,
    465,
    466,
    467,
    468,
    469,
    470,
    471,
    472,
    473,
    474,
    475,
    476,
    477,
    478,
    479,
    480,
    481,
    482,
    483,
    484,
    485,
    486
  ],
  "factor_nnz": 3672782,
  "factor_seconds": 2.316027499968186,
  "inverse_sha256": "ae14b9490ddee67cf21b21698cf9dfad66cef8c136ed25778e982104516a5b99",
  "matrix_nnz": 1290892,
  "physical_dimension": 2048,
  "residual_center_frobenius_upper": 2.2375503927087301e-13,
  "residual_center_sha256": "471adde43f5605cc24276ce3b84f156d1717e7791b328a679f2149ef5f77890f",
  "residual_frobenius_upper": 3.699090038611398e-09,
  "residual_radius_frobenius_upper": 3.6988755253102206e-09,
  "residual_radius_sha256": "a76b4e3ae20642028cd94a8397a789711915a756aa6d86790fa235be19eb8a5e",
  "sigma": 0.01,
  "source_arc": 473,
  "spectral_parameter_imag": -0.40626267998563503,
  "spectral_parameter_real": -0.10425540036656104,
  "status": "rigorous_direct_center_certificate"
}
