{
  "approximate_inverse_frobenius_upper": 141.40630269810438,
  "border_rank": 12,
  "bordered_dimension": 4108,
  "center_inverse_two_norm_upper": 141.4063028703226,
  "certificate_seconds": 29.1100897360011,
  "closed_arc_count": 17,
  "closed_arc_maximum": 817,
  "closed_arc_minimum": 801,
  "closed_arcs": [
    801,
    802,
    803,
    804,
    805,
    806,
    807,
    808,
    809,
    810,
    811,
    812,
    813,
    814,
    815,
    816,
    817
  ],
  "factor_nnz": 3672780,
  "factor_seconds": 2.300660013977904,
  "inverse_sha256": "54aa9025873891bea8d33fc12cf245ad0689a187cd66f3c600548bdfad9c1e01",
  "matrix_nnz": 1290892,
  "physical_dimension": 2048,
  "residual_center_frobenius_upper": 3.0032813305291176e-13,
  "residual_center_sha256": "f528376a0b2dc7b4d1e3fd9cf36e8710b99477452e2c4e0c3efc6d19fd2c0709",
  "residual_frobenius_upper": 1.2178959814769984e-09,
  "residual_radius_frobenius_upper": 1.2176563068275064e-09,
  "residual_radius_sha256": "1c0a37666a331c17f726fde18887809797cb68d084657482aa7903df2c5a20e2",
  "sigma": 0.01,
  "source_arc": 809,
  "spectral_parameter_imag": -0.30847839609720573,
  "spectral_parameter_real": -0.2225246155170552,
  "status": "rigorous_direct_center_certificate"
}
