{
  "approximate_inverse_frobenius_upper": 156.40120672496454,
  "border_rank": 12,
  "bordered_dimension": 4108,
  "center_inverse_two_norm_upper": 156.40120695151444,
  "certificate_seconds": 29.32395032903878,
  "closed_arc_count": 15,
  "closed_arc_maximum": 753,
  "closed_arc_minimum": 739,
  "closed_arcs": [
    739,
    740,
    741,
    742,
    743,
    744,
    745,
    746,
    747,
    748,
    749,
    750,
    751,
    752,
    753
  ],
  "factor_nnz": 3672782,
  "factor_seconds": 2.3067876049899496,
  "inverse_sha256": "672fb928d29a7b0e4879b97d5a9f0c509249f44b1797a309ae213978f9a0f08c",
  "matrix_nnz": 1290892,
  "physical_dimension": 2048,
  "residual_center_frobenius_upper": 8.972359354547915e-14,
  "residual_center_sha256": "e0689239b52fbee52eaf213c2003e510394a5d6ac82e5fe42c98ce61047a9033",
  "residual_frobenius_upper": 1.4485173315480619e-09,
  "residual_radius_frobenius_upper": 1.4484293929712527e-09,
  "residual_radius_sha256": "8db9ad3a37579b1e94ee9cbf2b40280348236cccc31de269bc364c7fb96b0cf8",
  "sigma": 0.01,
  "source_arc": 746,
  "spectral_parameter_imag": -0.332358052328553,
  "spectral_parameter_real": -0.17784892098943797,
  "status": "rigorous_direct_center_certificate"
}
