{
  "approximate_inverse_frobenius_upper": 94.86425738791924,
  "border_rank": 12,
  "bordered_dimension": 4108,
  "center_inverse_two_norm_upper": 94.8642574322768,
  "certificate_seconds": 28.852554748009425,
  "closed_arc_count": 2,
  "closed_arc_maximum": 885,
  "closed_arc_minimum": 884,
  "closed_arcs": [
    884,
    885
  ],
  "factor_nnz": 3672782,
  "factor_seconds": 2.308830977010075,
  "inverse_sha256": "ad0f71422e8851ac4aa641fb0a7853bdaf803086c2f4489e8d6b77a07255ac6e",
  "matrix_nnz": 1290892,
  "physical_dimension": 2048,
  "residual_center_frobenius_upper": 5.5095349158650396e-14,
  "residual_center_sha256": "616a46bfb7ab3a7a468ef71a94a1ff25c4ff664dedd380bcf73c8bc252c512ee",
  "residual_frobenius_upper": 4.675896630633581e-10,
  "residual_radius_frobenius_upper": 4.675415167892249e-10,
  "residual_radius_sha256": "5926b12dd46bfce43a73b14db4f19ef221c4b6a92405637397a72e0e6e3818db",
  "sigma": 0.01,
  "source_arc": 885,
  "spectral_parameter_imag": -0.2987294277185059,
  "spectral_parameter_real": -0.3964615130507112,
  "status": "rigorous_direct_center_certificate"
}
