{
  "approximate_inverse_frobenius_upper": 50.54468202356642,
  "border_rank": 12,
  "bordered_dimension": 4108,
  "center_inverse_two_norm_upper": 50.54468202923301,
  "certificate_seconds": 28.76876742800232,
  "closed_arc_count": 1,
  "closed_arc_maximum": 911,
  "closed_arc_minimum": 911,
  "closed_arcs": [
    911
  ],
  "factor_nnz": 3672782,
  "factor_seconds": 2.342035188979935,
  "inverse_sha256": "69a276740b45962815952222215b8724f741ae568b63bd6e9147e944df606595",
  "matrix_nnz": 1290892,
  "physical_dimension": 2048,
  "residual_center_frobenius_upper": 5.20429940069927e-14,
  "residual_center_sha256": "6ee2e4be5c0783d525569dd02d5ef7ddef4cbbb36cb83acbacac30ae66b1d512",
  "residual_frobenius_upper": 1.1211020361821974e-10,
  "residual_radius_frobenius_upper": 1.1206473826102878e-10,
  "residual_radius_sha256": "25f895adfb9f819421fb0dc6ae4cf4c2145868006437aa522ebf5897c6b426a1",
  "sigma": 0.01,
  "source_arc": 911,
  "spectral_parameter_imag": -0.7616822279080779,
  "spectral_parameter_real": -0.4797207684871623,
  "status": "rigorous_direct_center_certificate"
}
