{
  "approximate_inverse_frobenius_upper": 57.17597434121695,
  "border_rank": 12,
  "bordered_dimension": 4108,
  "center_inverse_two_norm_upper": 57.17597434958656,
  "certificate_seconds": 29.082520622003358,
  "closed_arc_count": 1,
  "closed_arc_maximum": 923,
  "closed_arc_minimum": 923,
  "closed_arcs": [
    923
  ],
  "factor_nnz": 3672782,
  "factor_seconds": 2.334504825004842,
  "inverse_sha256": "4a74559998b808728b5c9e10f4ddc04f83b6dc8322c17136b9c0798ee57e7a98",
  "matrix_nnz": 1290892,
  "physical_dimension": 2048,
  "residual_center_frobenius_upper": 5.0741996592026314e-14,
  "residual_center_sha256": "e9e22ebc43ba810866fabd5073bd81e7b9e148dc58620e624fe8df164ea7bd2b",
  "residual_frobenius_upper": 1.4638308075324114e-10,
  "residual_radius_frobenius_upper": 1.463374436937482e-10,
  "residual_radius_sha256": "9609f84730a9453b5cdb3ac1773c9e1f72acc498acf50d8bfa2fdfa03e56fb70",
  "sigma": 0.01,
  "source_arc": 923,
  "spectral_parameter_imag": -0.7759939433744065,
  "spectral_parameter_real": -0.1883991076542821,
  "status": "rigorous_direct_center_certificate"
}
