{
  "approximate_inverse_frobenius_upper": 54.95135315075456,
  "border_rank": 12,
  "bordered_dimension": 4108,
  "center_inverse_two_norm_upper": 54.95135315800322,
  "certificate_seconds": 28.699290584016126,
  "closed_arc_count": 1,
  "closed_arc_maximum": 903,
  "closed_arc_minimum": 903,
  "closed_arcs": [
    903
  ],
  "factor_nnz": 3672782,
  "factor_seconds": 2.338324239011854,
  "inverse_sha256": "bd90a4b478f39f6679234cf443e49d6871eb02faf961c48233f5ebbe03da3095",
  "matrix_nnz": 1290892,
  "physical_dimension": 2048,
  "residual_center_frobenius_upper": 5.629349213376923e-14,
  "residual_center_sha256": "3bb917ab599468ce8682f21043de4a5be8721027d1b182e198f782b432106191",
  "residual_frobenius_upper": 1.3191031716881382e-10,
  "residual_radius_frobenius_upper": 1.3186242657403777e-10,
  "residual_radius_sha256": "1c9e3318aaa8ed2c64af4ac5d85283e53508181050e27a747a9eb2a9c2ab2741",
  "sigma": 0.01,
  "source_arc": 903,
  "spectral_parameter_imag": -0.5893578149393142,
  "spectral_parameter_real": -0.5830080467309174,
  "status": "rigorous_direct_center_certificate"
}
