{
  "approximate_inverse_frobenius_upper": 58.77808384434967,
  "border_rank": 12,
  "bordered_dimension": 4108,
  "center_inverse_two_norm_upper": 58.778083853269564,
  "certificate_seconds": 28.89132256899029,
  "closed_arc_count": 1,
  "closed_arc_maximum": 900,
  "closed_arc_minimum": 900,
  "closed_arcs": [
    900
  ],
  "factor_nnz": 3672782,
  "factor_seconds": 2.3475546929985285,
  "inverse_sha256": "ede6a42ed285b2a8122758da7728f89226b30c55baeff80231ca7f8b95ab3e0a",
  "matrix_nnz": 1290892,
  "physical_dimension": 2048,
  "residual_center_frobenius_upper": 5.72475259094472e-14,
  "residual_center_sha256": "360275c31d92f967bf3293d19bfe78029b5b51505c17fedc44476bc911b5dad4",
  "residual_frobenius_upper": 1.5175515213824444e-10,
  "residual_radius_frobenius_upper": 1.5170624976666983e-10,
  "residual_radius_sha256": "fa55138d2c6fff39a6f9f63199665043beeed47126efc8550bea547b114f2d9f",
  "sigma": 0.01,
  "source_arc": 900,
  "spectral_parameter_imag": -0.5123246799514007,
  "spectral_parameter_real": -0.5830080467309174,
  "status": "rigorous_direct_center_certificate"
}
