{
  "approximate_inverse_frobenius_upper": 90.36883637084922,
  "border_rank": 12,
  "bordered_dimension": 4108,
  "center_inverse_two_norm_upper": 90.36883640841612,
  "certificate_seconds": 28.89073877094779,
  "closed_arc_count": 1,
  "closed_arc_maximum": 887,
  "closed_arc_minimum": 887,
  "closed_arcs": [
    887
  ],
  "factor_nnz": 3672782,
  "factor_seconds": 2.3188316299929284,
  "inverse_sha256": "1cf099e0bafaa191bc7aeaa234bf50c361f38034937a54148ad8231c6746884b",
  "matrix_nnz": 1290892,
  "physical_dimension": 2048,
  "residual_center_frobenius_upper": 5.647594607358658e-14,
  "residual_center_sha256": "d332569c64229bebfbdf328ec071d041e02e870a9e8e5460c045a7bb21872a82",
  "residual_frobenius_upper": 4.157059743405297e-10,
  "residual_radius_frobenius_upper": 4.1565555643917406e-10,
  "residual_radius_sha256": "5cedad8eb7d5b20853e40003d5a0daa603765ca244a66d8951d14d5cee2d218d",
  "sigma": 0.01,
  "source_arc": 887,
  "spectral_parameter_imag": -0.3059317953286048,
  "spectral_parameter_real": -0.4178224407140245,
  "status": "rigorous_direct_center_certificate"
}
