{
  "approximate_inverse_frobenius_upper": 97.60509287357142,
  "border_rank": 12,
  "bordered_dimension": 4108,
  "center_inverse_two_norm_upper": 97.60509292246381,
  "certificate_seconds": 28.76701409299858,
  "closed_arc_count": 3,
  "closed_arc_maximum": 884,
  "closed_arc_minimum": 882,
  "closed_arcs": [
    882,
    883,
    884
  ],
  "factor_nnz": 3672782,
  "factor_seconds": 2.3227969669969752,
  "inverse_sha256": "f757a56ea81aea20a6c2bf749b730d85a4b3f89b1eed5672c854c5dfe12a00a4",
  "matrix_nnz": 1290892,
  "physical_dimension": 2048,
  "residual_center_frobenius_upper": 5.457567120839856e-14,
  "residual_center_sha256": "b16620c2812c78cf791837ae21d3b1aa3fe10534b4bded0fa86c2e1e4ced1db4",
  "residual_frobenius_upper": 5.00920207410616e-10,
  "residual_radius_frobenius_upper": 5.008717307650709e-10,
  "residual_radius_sha256": "69644f58d07a010430da71c68e7b43a7035e61868c27e0939cbd4be1eccca8a6",
  "sigma": 0.01,
  "source_arc": 883,
  "spectral_parameter_imag": -0.29544571713176265,
  "spectral_parameter_real": -0.3840029068970661,
  "status": "rigorous_direct_center_certificate"
}
