{
  "approximate_inverse_frobenius_upper": 64.24941609497104,
  "border_rank": 12,
  "bordered_dimension": 4108,
  "center_inverse_two_norm_upper": 64.24941610682116,
  "certificate_seconds": 28.62067706999369,
  "closed_arc_count": 1,
  "closed_arc_maximum": 897,
  "closed_arc_minimum": 897,
  "closed_arcs": [
    897
  ],
  "factor_nnz": 3672782,
  "factor_seconds": 2.3180084740160964,
  "inverse_sha256": "c2346e644e501218dbc316a8980358bcdf6db412bc41349276413fcefd1ad65d",
  "matrix_nnz": 1290892,
  "physical_dimension": 2048,
  "residual_center_frobenius_upper": 5.582705835389641e-14,
  "residual_center_sha256": "10e8c43324dddc926bdc79f6d06c79f71ebe03e9f78bb0bfc94d39f51c99778e",
  "residual_frobenius_upper": 1.844389682922869e-10,
  "residual_radius_frobenius_upper": 1.8439079278007246e-10,
  "residual_radius_sha256": "4edc65bdc2c37341767f3f720f5a719bcf8203a42007be13bd30577a1b489c6e",
  "sigma": 0.01,
  "source_arc": 897,
  "spectral_parameter_imag": -0.4386085658935623,
  "spectral_parameter_real": -0.5606465080030515,
  "status": "rigorous_direct_center_certificate"
}
