{
  "approximate_inverse_frobenius_upper": 134.10624442817536,
  "border_rank": 12,
  "bordered_dimension": 4108,
  "center_inverse_two_norm_upper": 134.1062445730027,
  "certificate_seconds": 29.30663835001178,
  "closed_arc_count": 9,
  "closed_arc_maximum": 837,
  "closed_arc_minimum": 829,
  "closed_arcs": [
    829,
    830,
    831,
    832,
    833,
    834,
    835,
    836,
    837
  ],
  "factor_nnz": 3672782,
  "factor_seconds": 2.3131606290116906,
  "inverse_sha256": "4d8a54809e44b1c459476bbd33a91548dfa4cd0402cd8164a3724ca6f69b65b6",
  "matrix_nnz": 1290892,
  "physical_dimension": 2048,
  "residual_center_frobenius_upper": 9.840620864106354e-14,
  "residual_center_sha256": "96d13221ddd0c002c189d3ef3ae12119ac5276ace8fbeefb753019a28202c13a",
  "residual_frobenius_upper": 1.0799444266932905e-09,
  "residual_radius_frobenius_upper": 1.0798534707940263e-09,
  "residual_radius_sha256": "e61f597fee022508eb10cb18e0f495267ec0b24c6aac46830f95ddcbd2f11d46",
  "sigma": 0.01,
  "source_arc": 833,
  "spectral_parameter_imag": -0.29988055514485373,
  "spectral_parameter_real": -0.24638077374437511,
  "status": "rigorous_direct_center_certificate"
}
