{
  "approximate_inverse_frobenius_upper": 112.02189265562401,
  "border_rank": 12,
  "bordered_dimension": 4108,
  "center_inverse_two_norm_upper": 112.02189274510677,
  "certificate_seconds": 31.16093728301348,
  "closed_arc_count": 6,
  "closed_arc_maximum": 14,
  "closed_arc_minimum": 9,
  "closed_arcs": [
    9,
    10,
    11,
    12,
    13,
    14
  ],
  "factor_nnz": 3672782,
  "factor_seconds": 2.321130455995444,
  "inverse_sha256": "f33a2879b3df40295d2cf1b90a2a826724d631c7a3750e03a4639c50f62840a8",
  "matrix_nnz": 1290892,
  "physical_dimension": 2048,
  "residual_center_frobenius_upper": 9.152809964248557e-14,
  "residual_center_sha256": "49822db007fb6a0bb6d552f6f0f497246c92dc936004a8c79327c21788c9751d",
  "residual_frobenius_upper": 7.987967566263259e-10,
  "residual_radius_frobenius_upper": 7.987111175022901e-10,
  "residual_radius_sha256": "cc9b33fbd00a580b985368290bd9a8187479b6e60a4e68b82b37c3b632aed680",
  "sigma": 0.01,
  "source_arc": 11,
  "spectral_parameter_imag": -0.4980515303126742,
  "spectral_parameter_real": -0.0662145920240941,
  "status": "rigorous_direct_center_certificate"
}
