{
  "approximate_inverse_frobenius_upper": 71.89511858037046,
  "border_rank": 12,
  "bordered_dimension": 4108,
  "center_inverse_two_norm_upper": 71.89511859757036,
  "certificate_seconds": 28.710832334007137,
  "closed_arc_count": 1,
  "closed_arc_maximum": 894,
  "closed_arc_minimum": 894,
  "closed_arcs": [
    894
  ],
  "factor_nnz": 3672782,
  "factor_seconds": 2.341090769972652,
  "inverse_sha256": "4e621f81c555916baaa87ca6acc3702a8139e96d503ac7095c52f69ef8dbcef0",
  "matrix_nnz": 1290892,
  "physical_dimension": 2048,
  "residual_center_frobenius_upper": 5.557889688275023e-14,
  "residual_center_sha256": "37521de7820a5037ed9c5800dd17aabfaa1d250079468dd6c4b8ad0ad5038e4f",
  "residual_frobenius_upper": 2.392356009255705e-10,
  "residual_radius_frobenius_upper": 2.391883949037514e-10,
  "residual_radius_sha256": "a388783fdb99f43b068f8cae1cb4248b21f56d53093408713dd302e672a3693c",
  "sigma": 0.01,
  "source_arc": 894,
  "spectral_parameter_imag": -0.3745578550107122,
  "spectral_parameter_real": -0.517849191247586,
  "status": "rigorous_direct_center_certificate"
}
