{
  "approximate_inverse_frobenius_upper": 199.156262849565,
  "border_rank": 12,
  "bordered_dimension": 4108,
  "center_inverse_two_norm_upper": 199.15626323412766,
  "certificate_seconds": 30.95227376103867,
  "closed_arc_count": 23,
  "closed_arc_maximum": 623,
  "closed_arc_minimum": 601,
  "closed_arcs": [
    601,
    602,
    603,
    604,
    605,
    606,
    607,
    608,
    609,
    610,
    611,
    612,
    613,
    614,
    615,
    616,
    617,
    618,
    619,
    620,
    621,
    622,
    623
  ],
  "factor_nnz": 3672782,
  "factor_seconds": 2.313411107985303,
  "inverse_sha256": "a9191cda3046146b3c8bc8cf1f3c8cfc4ae152bf77aa0d9c5ccdf9bc84da6959",
  "matrix_nnz": 1290892,
  "physical_dimension": 2048,
  "residual_center_frobenius_upper": 1.2354225551969773e-13,
  "residual_center_sha256": "4bdfe09f1460974464b8579032bdf008ba3a4b82e25e3c0c00bb8d4651c28288",
  "residual_frobenius_upper": 1.930959190252941e-09,
  "residual_radius_frobenius_upper": 1.9308374460323024e-09,
  "residual_radius_sha256": "84954e1749dbbc881427cbbeba57e6773721eb8044cb0d58c10eb0124b5bf0d8",
  "sigma": 0.01,
  "source_arc": 612,
  "spectral_parameter_imag": -0.3747070855213002,
  "spectral_parameter_real": -0.12871653860727178,
  "status": "rigorous_direct_center_certificate"
}
