{
  "approximate_inverse_frobenius_upper": 75.66947736113185,
  "border_rank": 12,
  "bordered_dimension": 4108,
  "center_inverse_two_norm_upper": 75.66947738347878,
  "certificate_seconds": 28.93887677200837,
  "closed_arc_count": 1,
  "closed_arc_maximum": 931,
  "closed_arc_minimum": 931,
  "closed_arcs": [
    931
  ],
  "factor_nnz": 3672782,
  "factor_seconds": 2.340525051986333,
  "inverse_sha256": "8f1fcca25080692bc3e8d30be2584746e11325534d711612f5b15d25bd1c92d4",
  "matrix_nnz": 1290892,
  "physical_dimension": 2048,
  "residual_center_frobenius_upper": 5.444123499565833e-14,
  "residual_center_sha256": "c7f4cfc3ec699c106f4d59d81c140002aec9911bb05d1ad8dae120163bd47eb3",
  "residual_frobenius_upper": 2.953225462402429e-10,
  "residual_radius_frobenius_upper": 2.952712277577075e-10,
  "residual_radius_sha256": "8e0551b115bafd7d0962d067b97271b14bc139660522022eac143ca28ce49d58",
  "sigma": 0.01,
  "source_arc": 931,
  "spectral_parameter_imag": -0.6146232432010171,
  "spectral_parameter_real": -0.06871843971838704,
  "status": "rigorous_direct_center_certificate"
}
