{
  "approximate_inverse_frobenius_upper": 121.4829582454831,
  "border_rank": 12,
  "bordered_dimension": 4108,
  "center_inverse_two_norm_upper": 121.48295835865117,
  "certificate_seconds": 30.61943532800069,
  "closed_arc_count": 8,
  "closed_arc_maximum": 20,
  "closed_arc_minimum": 13,
  "closed_arcs": [
    13,
    14,
    15,
    16,
    17,
    18,
    19,
    20
  ],
  "factor_nnz": 3672782,
  "factor_seconds": 2.3050789500121027,
  "inverse_sha256": "85b03b606eed963336917cabfba743187e9071e3e70adc6527da3da3427fbeab",
  "matrix_nnz": 1290892,
  "physical_dimension": 2048,
  "residual_center_frobenius_upper": 1.4766608944750227e-13,
  "residual_center_sha256": "d59b1dfe0bc1f7ea9b133bffcf6553fc628d68ace775d8d9cae3ad7001f69eba",
  "residual_frobenius_upper": 9.315548389124926e-10,
  "residual_radius_frobenius_upper": 9.314288834192205e-10,
  "residual_radius_sha256": "8eab8397cd1f0629091b4877973e07773a7632343f6965aece0bd7e02718d645",
  "sigma": 0.01,
  "source_arc": 16,
  "spectral_parameter_imag": -0.48784075182770853,
  "spectral_parameter_real": -0.06852395765983503,
  "status": "rigorous_direct_center_certificate"
}
