{
  "approximate_inverse_frobenius_upper": 334.742421128998,
  "border_rank": 12,
  "bordered_dimension": 4108,
  "center_inverse_two_norm_upper": 334.7424222688924,
  "certificate_seconds": 31.051947666041087,
  "closed_arc_count": 54,
  "closed_arc_maximum": 173,
  "closed_arc_minimum": 120,
  "closed_arcs": [
    120,
    121,
    122,
    123,
    124,
    125,
    126,
    127,
    128,
    129,
    130,
    131,
    132,
    133,
    134,
    135,
    136,
    137,
    138,
    139,
    140,
    141,
    142,
    143,
    144,
    145,
    146,
    147,
    148,
    149,
    150,
    151,
    152,
    153,
    154,
    155,
    156,
    157,
    158,
    159,
    160,
    161,
    162,
    163,
    164,
    165,
    166,
    167,
    168,
    169,
    170,
    171,
    172,
    173
  ],
  "factor_nnz": 3672782,
  "factor_seconds": 2.313557586981915,
  "inverse_sha256": "dc03d93090f515f0c96126a965675b392e3c68808a69e2040284037af96c9f6c",
  "matrix_nnz": 1290892,
  "physical_dimension": 2048,
  "residual_center_frobenius_upper": 2.2747470008723744e-13,
  "residual_center_sha256": "58aed2b0f21b1519550aecaeb5643881913d4b4f7f9c6453d7ec7de46d3137d6",
  "residual_frobenius_upper": 3.405287986466035e-09,
  "residual_radius_frobenius_upper": 3.4050722738047625e-09,
  "residual_radius_sha256": "f1e1e4129d40aa870fd5214c4fd12e16a6edc2747c0c733b257ac09b3390dbc6",
  "sigma": 0.01,
  "source_arc": 144,
  "spectral_parameter_imag": -0.43865406890766173,
  "spectral_parameter_real": -0.08603285631317842,
  "status": "rigorous_direct_center_certificate"
}
