{
  "approximate_inverse_frobenius_upper": 103.46504867252588,
  "border_rank": 12,
  "bordered_dimension": 4108,
  "center_inverse_two_norm_upper": 103.46504873218507,
  "certificate_seconds": 28.78186820697738,
  "closed_arc_count": 3,
  "closed_arc_maximum": 880,
  "closed_arc_minimum": 878,
  "closed_arcs": [
    878,
    879,
    880
  ],
  "factor_nnz": 3672781,
  "factor_seconds": 2.3254227329744026,
  "inverse_sha256": "b92e746f53f5f9196cb431ce76136cafc8d8c00ba903be48291925e011ad967b",
  "matrix_nnz": 1290892,
  "physical_dimension": 2048,
  "residual_center_frobenius_upper": 5.680798353679287e-14,
  "residual_center_sha256": "78045b3542b5b66a4927c8bdca58858be615c43238e131f9034a252bd01f8b41",
  "residual_frobenius_upper": 5.766117871936533e-10,
  "residual_radius_frobenius_upper": 5.765611915920091e-10,
  "residual_radius_sha256": "fa69c5962d3c05a8988f4455eb4e61c5c237a1d8e9f54f450cf0b80bd7ea3146",
  "sigma": 0.01,
  "source_arc": 879,
  "spectral_parameter_imag": -0.29073053507248514,
  "spectral_parameter_real": -0.3586777091573855,
  "status": "rigorous_direct_center_certificate"
}
