{
  "approximate_inverse_frobenius_upper": 72.14086116325402,
  "border_rank": 12,
  "bordered_dimension": 4108,
  "center_inverse_two_norm_upper": 72.14086118195164,
  "certificate_seconds": 28.718345429981127,
  "closed_arc_count": 1,
  "closed_arc_maximum": 930,
  "closed_arc_minimum": 930,
  "closed_arcs": [
    930
  ],
  "factor_nnz": 3672781,
  "factor_seconds": 2.341607635957189,
  "inverse_sha256": "7e82b954a6f6b733c9ea93768a0a422decb9c31822551461cf42fa4611ab5cc6",
  "matrix_nnz": 1290892,
  "physical_dimension": 2048,
  "residual_center_frobenius_upper": 5.197719495620781e-14,
  "residual_center_sha256": "bd7b79eed8122a312d3a21b9fe6193fdb24dc091a632e70dc721672f1dac8e61",
  "residual_frobenius_upper": 2.5918180955364065e-10,
  "residual_radius_frobenius_upper": 2.5913317793207924e-10,
  "residual_radius_sha256": "6d6289a2fd324ad2048b995f5607854850ec9e4273bf0eabeea1708d5b8e883f",
  "sigma": 0.01,
  "source_arc": 930,
  "spectral_parameter_imag": -0.6392744159768075,
  "spectral_parameter_real": -0.07619629122695465,
  "status": "rigorous_direct_center_certificate"
}
