{
  "approximate_inverse_frobenius_upper": 51.74727867147932,
  "border_rank": 12,
  "bordered_dimension": 4108,
  "center_inverse_two_norm_upper": 51.747278677590344,
  "certificate_seconds": 29.06622878095368,
  "closed_arc_count": 1,
  "closed_arc_maximum": 917,
  "closed_arc_minimum": 917,
  "closed_arcs": [
    917
  ],
  "factor_nnz": 3672782,
  "factor_seconds": 2.343802292016335,
  "inverse_sha256": "3a5809d45a8c492f22f2212822435017d0b61c795c6ae70fd88002855af8ac87",
  "matrix_nnz": 1290892,
  "physical_dimension": 2048,
  "residual_center_frobenius_upper": 5.023715633411038e-14,
  "residual_center_sha256": "670bd0686d1c80d197b2d6b2fd22ad0a06303b89bc594e390c5c71aa85361e54",
  "residual_frobenius_upper": 1.1809330387244006e-10,
  "residual_radius_frobenius_upper": 1.1804911890810474e-10,
  "residual_radius_sha256": "551b4eac15b2beb5be2a183af65c89c853c3d92c5e275a603a930f4f348928ad",
  "sigma": 0.01,
  "source_arc": 917,
  "spectral_parameter_imag": -0.8130238154795608,
  "spectral_parameter_real": -0.33623064378244355,
  "status": "rigorous_direct_center_certificate"
}
