{
  "approximate_inverse_frobenius_upper": 101.9148091537934,
  "border_rank": 12,
  "bordered_dimension": 4108,
  "center_inverse_two_norm_upper": 101.91480922025981,
  "certificate_seconds": 30.187982528994326,
  "closed_arc_count": 4,
  "closed_arc_maximum": 8,
  "closed_arc_minimum": 5,
  "closed_arcs": [
    5,
    6,
    7,
    8
  ],
  "factor_nnz": 3672782,
  "factor_seconds": 2.3188365859678015,
  "inverse_sha256": "bfdd71ec7cb4ac5579f8adcdfc3f2a8314bae9388e06635fbd69dad3cab45829",
  "matrix_nnz": 1290892,
  "physical_dimension": 2048,
  "residual_center_frobenius_upper": 6.737751329752054e-14,
  "residual_center_sha256": "49c9ff0bc4a81418afe5300c3e2780c20e1fd35b8858aa92c12d49b83db1d66b",
  "residual_frobenius_upper": 6.521760341840193e-10,
  "residual_radius_frobenius_upper": 6.521110702395582e-10,
  "residual_radius_sha256": "eed762b7a524fdd25fcb72668806a482be079125b5d448674e5aca1facfe409b",
  "sigma": 0.01,
  "source_arc": 6,
  "spectral_parameter_imag": -0.5139186341371522,
  "spectral_parameter_real": -0.06346138833583084,
  "status": "rigorous_direct_center_certificate"
}
