{
  "approximate_inverse_frobenius_upper": 53.97690542219006,
  "border_rank": 12,
  "bordered_dimension": 4108,
  "center_inverse_two_norm_upper": 53.97690542905768,
  "certificate_seconds": 28.81533665501047,
  "closed_arc_count": 1,
  "closed_arc_maximum": 904,
  "closed_arc_minimum": 904,
  "closed_arcs": [
    904
  ],
  "factor_nnz": 3672782,
  "factor_seconds": 2.338771101029124,
  "inverse_sha256": "b4752a09ad989ddb69564eebe660ea9317361fecc1ac0286f6f09b5fac6e82b6",
  "matrix_nnz": 1290892,
  "physical_dimension": 2048,
  "residual_center_frobenius_upper": 5.69095735516517e-14,
  "residual_center_sha256": "82430e0145fa175ada560b196c1944c6139829ed8b99ed40ef6d4dd72b76878c",
  "residual_frobenius_upper": 1.2723230432291913e-10,
  "residual_radius_frobenius_upper": 1.2718442217756833e-10,
  "residual_radius_sha256": "14f15e6dcadda0d673b5a5c4127c2d6e0b82acd3557112156b7452d824be931e",
  "sigma": 0.01,
  "source_arc": 904,
  "spectral_parameter_imag": -0.6146232432010171,
  "spectral_parameter_real": -0.5779824405825212,
  "status": "rigorous_direct_center_certificate"
}
