{
  "approximate_inverse_frobenius_upper": 50.52911147805287,
  "border_rank": 12,
  "bordered_dimension": 4108,
  "center_inverse_two_norm_upper": 50.52911148372353,
  "certificate_seconds": 28.88570351799717,
  "closed_arc_count": 1,
  "closed_arc_maximum": 913,
  "closed_arc_minimum": 913,
  "closed_arcs": [
    913
  ],
  "factor_nnz": 3672782,
  "factor_seconds": 2.333665904996451,
  "inverse_sha256": "41b06ac0f8caf2af9d7447a0978fefad43b44f1930fe1e478a042f50ead17966",
  "matrix_nnz": 1290892,
  "physical_dimension": 2048,
  "residual_center_frobenius_upper": 5.051761760579475e-14,
  "residual_center_sha256": "643299d95949eb38e18cf030e909cecbdc773261a1ab6e8cb2bb6de43ca4431e",
  "residual_frobenius_upper": 1.1222545036684777e-10,
  "residual_radius_frobenius_upper": 1.1218172503549516e-10,
  "residual_radius_sha256": "3a5e33ec3fa5bc7841acb82d2f711e8f815714d52ea013a09692ecfb680c13ed",
  "sigma": 0.01,
  "source_arc": 913,
  "spectral_parameter_imag": -0.7881373152979548,
  "spectral_parameter_real": -0.4355831217022493,
  "status": "rigorous_direct_center_certificate"
}
