{
  "approximate_inverse_frobenius_upper": 66.52389647517309,
  "border_rank": 12,
  "bordered_dimension": 4108,
  "center_inverse_two_norm_upper": 66.5238964884517,
  "certificate_seconds": 28.648461644013878,
  "closed_arc_count": 1,
  "closed_arc_maximum": 896,
  "closed_arc_minimum": 896,
  "closed_arcs": [
    896
  ],
  "factor_nnz": 3672782,
  "factor_seconds": 2.328267189033795,
  "inverse_sha256": "6802cff8fd74d208dd9c0cb0261d7541437583d9d835976caf22e0dede6ef1b4",
  "matrix_nnz": 1290892,
  "physical_dimension": 2048,
  "residual_center_frobenius_upper": 5.797751581463733e-14,
  "residual_center_sha256": "4a1690a648c8199e329e44d83498fe3b48819cdd7f3049377f24bde800d659e3",
  "residual_frobenius_upper": 1.9960638368614576e-10,
  "residual_radius_frobenius_upper": 1.9955756268594636e-10,
  "residual_radius_sha256": "23a3ca95c05fcb3accd9fd118094ce44a0486a3dc2343006fabdde3a86f36275",
  "sigma": 0.01,
  "source_arc": 896,
  "spectral_parameter_imag": -0.4158899149491855,
  "spectral_parameter_real": -0.5485031360795032,
  "status": "rigorous_direct_center_certificate"
}
