{
  "approximate_inverse_frobenius_upper": 50.6751068750147,
  "border_rank": 12,
  "bordered_dimension": 4108,
  "center_inverse_two_norm_upper": 50.67510688073914,
  "certificate_seconds": 29.167220259958412,
  "closed_arc_count": 1,
  "closed_arc_maximum": 914,
  "closed_arc_minimum": 914,
  "closed_arcs": [
    914
  ],
  "factor_nnz": 3672782,
  "factor_seconds": 2.3366245580255054,
  "inverse_sha256": "d733cf8bf9cf698498aff5cb4c91b8c82fc9a53e3ef0560be4978e29d6a098ee",
  "matrix_nnz": 1290892,
  "physical_dimension": 2048,
  "residual_center_frobenius_upper": 5.0465487087393555e-14,
  "residual_center_sha256": "f18eefb07a9db3a4badce12beaf951fb467af86420349f5a1e26bd004fcc8aae",
  "residual_frobenius_upper": 1.1296338909782404e-10,
  "residual_radius_frobenius_upper": 1.1291867508878002e-10,
  "residual_radius_sha256": "5195042ade7ff46398a181c8d49c914f5a90cc3375e4aa403decf28c335f3cc0",
  "sigma": 0.01,
  "source_arc": 914,
  "spectral_parameter_imag": -0.7979953963688569,
  "spectral_parameter_real": -0.41178360868190417,
  "status": "rigorous_direct_center_certificate"
}
