{
  "approximate_inverse_frobenius_upper": 51.344004064086455,
  "border_rank": 12,
  "bordered_dimension": 4108,
  "center_inverse_two_norm_upper": 51.344004070009944,
  "certificate_seconds": 29.04820290999487,
  "closed_arc_count": 1,
  "closed_arc_maximum": 908,
  "closed_arc_minimum": 908,
  "closed_arcs": [
    908
  ],
  "factor_nnz": 3672782,
  "factor_seconds": 2.342831854999531,
  "inverse_sha256": "e723fd1e4978b607f3695aaf98859e67e86a9687c32d507f33838b11e96e0ad2",
  "matrix_nnz": 1290892,
  "physical_dimension": 2048,
  "residual_center_frobenius_upper": 5.238344882572216e-14,
  "residual_center_sha256": "6ed6ff74d39c38f1b143df4f42d0918785430f5090ba705ed4d857088e90878e",
  "residual_frobenius_upper": 1.1536833335856951e-10,
  "residual_radius_frobenius_upper": 1.1532355854798837e-10,
  "residual_radius_sha256": "b36aad63bceaabb1fa6c081ef55e282736269cc0c03bf95dfb2166be4e751d98",
  "sigma": 0.01,
  "source_arc": 908,
  "spectral_parameter_imag": -0.7072115757820656,
  "spectral_parameter_real": -0.5341914206131746,
  "status": "rigorous_direct_center_certificate"
}
