{
  "approximate_inverse_frobenius_upper": 69.06307737397846,
  "border_rank": 12,
  "bordered_dimension": 4108,
  "center_inverse_two_norm_upper": 69.06307738901137,
  "certificate_seconds": 28.723341258999426,
  "closed_arc_count": 1,
  "closed_arc_maximum": 895,
  "closed_arc_minimum": 895,
  "closed_arcs": [
    895
  ],
  "factor_nnz": 3672782,
  "factor_seconds": 2.3379116959986277,
  "inverse_sha256": "c4cb1835fabc3185171f14783fb20c77720360a07bd199762bcadbbb4e2b0164",
  "matrix_nnz": 1290892,
  "physical_dimension": 2048,
  "residual_center_frobenius_upper": 5.710810151753465e-14,
  "residual_center_sha256": "4344bdfd59bf2a6389a3f712ba414f3253e670cf868c03b1a9606272fbb8fe7e",
  "residual_frobenius_upper": 2.1766904345254532e-10,
  "residual_radius_frobenius_upper": 2.17620626352142e-10,
  "residual_radius_sha256": "857eb98196886de086022c9b24dd2a0e22bf53a77511965f7b94f501876e302e",
  "sigma": 0.01,
  "source_arc": 895,
  "spectral_parameter_imag": -0.3944709191086493,
  "spectral_parameter_real": -0.5341914206131746,
  "status": "rigorous_direct_center_certificate"
}
