{
  "approximate_inverse_frobenius_upper": 57.34015799645183,
  "border_rank": 12,
  "bordered_dimension": 4108,
  "center_inverse_two_norm_upper": 57.34015800470983,
  "certificate_seconds": 29.02596620103577,
  "closed_arc_count": 1,
  "closed_arc_maximum": 901,
  "closed_arc_minimum": 901,
  "closed_arcs": [
    901
  ],
  "factor_nnz": 3672781,
  "factor_seconds": 2.345932951022405,
  "inverse_sha256": "c250cebc9d3c77ae068bc85957d7dce5868362d11c8549efeed59f61288e6e9b",
  "matrix_nnz": 1290892,
  "physical_dimension": 2048,
  "residual_center_frobenius_upper": 5.6519646427615075e-14,
  "residual_center_sha256": "613819478e049ee668740b85d8f5323ffc1c6f9121ff438255ddcfdf14a0d84a",
  "residual_frobenius_upper": 1.4401749885041733e-10,
  "residual_radius_frobenius_upper": 1.4396975183455975e-10,
  "residual_radius_sha256": "b64164f32c8a47f0a080db15125888a71fde98d862e5b585299a4db57b2c292c",
  "sigma": 0.01,
  "source_arc": 901,
  "spectral_parameter_imag": -0.5379610438133681,
  "spectral_parameter_real": -0.5855330081846575,
  "status": "rigorous_direct_center_certificate"
}
