{
  "approximate_inverse_frobenius_upper": 143.73448927322417,
  "border_rank": 12,
  "bordered_dimension": 4108,
  "center_inverse_two_norm_upper": 143.73448944953935,
  "certificate_seconds": 30.62035232502967,
  "closed_arc_count": 14,
  "closed_arc_maximum": 35,
  "closed_arc_minimum": 22,
  "closed_arcs": [
    22,
    23,
    24,
    25,
    26,
    27,
    28,
    29,
    30,
    31,
    32,
    33,
    34,
    35
  ],
  "factor_nnz": 3672782,
  "factor_seconds": 2.319266005011741,
  "inverse_sha256": "7451f5652af05025f6d7467a10a10b8bc25491fc89b25c4c5871579f6bb65912",
  "matrix_nnz": 1290892,
  "physical_dimension": 2048,
  "residual_center_frobenius_upper": 1.484840324454429e-13,
  "residual_center_sha256": "0dca22e27e357ee3203e04b9cb67c347c679f0c979ffa3f3d04bd5ccf30ee27a",
  "residual_frobenius_upper": 1.2266723853145243e-09,
  "residual_radius_frobenius_upper": 1.226544186797753e-09,
  "residual_radius_sha256": "ecbb1f260a0dbd31014ef669e262edf5c9f962e0d3e8ad315222276ffe6f700d",
  "sigma": 0.01,
  "source_arc": 27,
  "spectral_parameter_imag": -0.47271749349966646,
  "spectral_parameter_real": -0.07274661397047671,
  "status": "rigorous_direct_center_certificate"
}
