{
  "approximate_inverse_frobenius_upper": 55.915565065660665,
  "border_rank": 12,
  "bordered_dimension": 4108,
  "center_inverse_two_norm_upper": 55.91556507345253,
  "certificate_seconds": 28.84074208198581,
  "closed_arc_count": 1,
  "closed_arc_maximum": 922,
  "closed_arc_minimum": 922,
  "closed_arcs": [
    922
  ],
  "factor_nnz": 3672782,
  "factor_seconds": 2.335911457950715,
  "inverse_sha256": "4defa62dde04625a162b74e936ef30a74bc6661d6c47ef943e8a2ffaf008fadd",
  "matrix_nnz": 1290892,
  "physical_dimension": 2048,
  "residual_center_frobenius_upper": 4.919704693010867e-14,
  "residual_center_sha256": "85f3f81e10849daaf59e0e3a3c1685d9d1b45088a5ee87fe14c33d8814483fc7",
  "residual_frobenius_upper": 1.393501966582423e-10,
  "residual_radius_frobenius_upper": 1.393067494432557e-10,
  "residual_radius_sha256": "3630bba38866900540289bfc560f64660fa2e59af41615940c22f5df5ee5ebda",
  "sigma": 0.01,
  "source_arc": 922,
  "spectral_parameter_imag": -0.7881373152979548,
  "spectral_parameter_real": -0.21111775859865892,
  "status": "rigorous_direct_center_certificate"
}
