{
  "approximate_inverse_frobenius_upper": 64.11781602240426,
  "border_rank": 12,
  "bordered_dimension": 4108,
  "center_inverse_two_norm_upper": 64.1178160346705,
  "certificate_seconds": 28.97261555097066,
  "closed_arc_count": 1,
  "closed_arc_maximum": 927,
  "closed_arc_minimum": 927,
  "closed_arcs": [
    927
  ],
  "factor_nnz": 3672782,
  "factor_seconds": 2.340669289988,
  "inverse_sha256": "ccbe6cf0c862594a786c9d3d6c6f28dd71d9245d2c287eeb514240db9f8b9df6",
  "matrix_nnz": 1290892,
  "physical_dimension": 2048,
  "residual_center_frobenius_upper": 4.9612217540130545e-14,
  "residual_center_sha256": "17543c9199bfbb258b77b77bb2503e84061298562fd428da66ea2ad33d89dcf1",
  "residual_frobenius_upper": 1.9130744437345706e-10,
  "residual_radius_frobenius_upper": 1.9126159287379706e-10,
  "residual_radius_sha256": "6a2d8805ab05c96ab0027ba8a2aadac923a0d407f55fcaa6efff1dd6a0baf56c",
  "sigma": 0.01,
  "source_arc": 927,
  "spectral_parameter_imag": -0.7072115757820656,
  "spectral_parameter_real": -0.11250945968773364,
  "status": "rigorous_direct_center_certificate"
}
