{
  "approximate_inverse_frobenius_upper": 106.58065611653407,
  "border_rank": 12,
  "bordered_dimension": 4108,
  "center_inverse_two_norm_upper": 106.58065618255073,
  "certificate_seconds": 28.723219075996894,
  "closed_arc_count": 2,
  "closed_arc_maximum": 877,
  "closed_arc_minimum": 876,
  "closed_arcs": [
    876,
    877
  ],
  "factor_nnz": 3672782,
  "factor_seconds": 2.3318510820390657,
  "inverse_sha256": "c7562ad646ac11e790dc14d31cb32aa3e5db8796fc2ac4e7d4c17e65b3c44431",
  "matrix_nnz": 1290892,
  "physical_dimension": 2048,
  "residual_center_frobenius_upper": 5.90222839919455e-14,
  "residual_center_sha256": "a0e5697630786bb8fbfbe5f9eff28781fd3869c259655214dfca0767bfcf0e3a",
  "residual_frobenius_upper": 6.194053482515043e-10,
  "residual_radius_frobenius_upper": 6.19352811346903e-10,
  "residual_radius_sha256": "397c5a8509e0501413de4feabdf1d5757630ea2ba6ae531b52e6f2b1cb0ce3fe",
  "sigma": 0.01,
  "source_arc": 877,
  "spectral_parameter_imag": -0.2893104228865329,
  "spectral_parameter_real": -0.3458721281909302,
  "status": "rigorous_direct_center_certificate"
}
