{
  "approximate_inverse_frobenius_upper": 78.74385464945642,
  "border_rank": 12,
  "bordered_dimension": 4108,
  "center_inverse_two_norm_upper": 78.743854675444,
  "certificate_seconds": 28.880293200025335,
  "closed_arc_count": 1,
  "closed_arc_maximum": 932,
  "closed_arc_minimum": 932,
  "closed_arcs": [
    932
  ],
  "factor_nnz": 3672782,
  "factor_seconds": 2.3414471430005506,
  "inverse_sha256": "7e20ecb61c0be51b517c30790cdc74608147b2c83f376e15098ff665371dbfa0",
  "matrix_nnz": 1290892,
  "physical_dimension": 2048,
  "residual_center_frobenius_upper": 5.532620368653449e-14,
  "residual_center_sha256": "abde15aa1249eccfcdac10e38186ee6e42fe18ca4fbe118118cabd7dc12ab8cd",
  "residual_frobenius_upper": 3.300263696104721e-10,
  "residual_radius_frobenius_upper": 3.2997400328751357e-10,
  "residual_radius_sha256": "6ca22da77b9ab4f7026f3b281ae820aa1c770b73d5a74a8faaa7c46da4678a40",
  "sigma": 0.01,
  "source_arc": 932,
  "spectral_parameter_imag": -0.5957185311301022,
  "spectral_parameter_real": -0.06471628147126855,
  "status": "rigorous_direct_center_certificate"
}
