{
  "approximate_inverse_frobenius_upper": 75.051253015177,
  "border_rank": 12,
  "bordered_dimension": 4108,
  "center_inverse_two_norm_upper": 75.05125303506836,
  "certificate_seconds": 29.273486700025387,
  "closed_arc_count": 1,
  "closed_arc_maximum": 893,
  "closed_arc_minimum": 893,
  "closed_arcs": [
    893
  ],
  "factor_nnz": 3672782,
  "factor_seconds": 2.347650011011865,
  "inverse_sha256": "9b34d77f485232101128cd31811ebe4d37c71bb3af1229a7da237b35cfa6df7a",
  "matrix_nnz": 1290892,
  "physical_dimension": 2048,
  "residual_center_frobenius_upper": 5.3964324341172196e-14,
  "residual_center_sha256": "fa974e2f12ea7f6ce0c0640146675ce6d6f05b9a63c194d008093fa8c34538be",
  "residual_frobenius_upper": 2.650366426738505e-10,
  "residual_radius_frobenius_upper": 2.6499004256517394e-10,
  "residual_radius_sha256": "26200d46ec5c6549f9fe7c60d18f7458357de4bb02503358a7f286911a43d686",
  "sigma": 0.01,
  "source_arc": 893,
  "spectral_parameter_imag": -0.35634249634822557,
  "spectral_parameter_real": -0.49963383258509936,
  "status": "rigorous_direct_center_certificate"
}
