{
  "approximate_inverse_frobenius_upper": 56.06880646197491,
  "border_rank": 12,
  "bordered_dimension": 4108,
  "center_inverse_two_norm_upper": 56.06880646968209,
  "certificate_seconds": 28.841904508008156,
  "closed_arc_count": 1,
  "closed_arc_maximum": 902,
  "closed_arc_minimum": 902,
  "closed_arcs": [
    902
  ],
  "factor_nnz": 3672782,
  "factor_seconds": 2.3366798820206895,
  "inverse_sha256": "c64750ba13ca8ab46d88984d9acb30b3d5e8ace4bbde895832ebf290cde7765c",
  "matrix_nnz": 1290892,
  "physical_dimension": 2048,
  "residual_center_frobenius_upper": 5.676240240756777e-14,
  "residual_center_sha256": "d9c72adb1f16345d14143a3dd4acbd0d6084c5411cf5cd8bcd3b21ca227c2e37",
  "residual_frobenius_upper": 1.3745906838422518e-10,
  "residual_radius_frobenius_upper": 1.3741203064688723e-10,
  "residual_radius_sha256": "db5c756fe99e33a34ea37fb9a39c092d72bda7bfa6bfd9f57385f217dd3f8bf5",
  "sigma": 0.01,
  "source_arc": 902,
  "spectral_parameter_imag": -0.5637214510773468,
  "spectral_parameter_real": -0.5855330081846575,
  "status": "rigorous_direct_center_certificate"
}
