{
  "approximate_inverse_frobenius_upper": 60.2258431265415,
  "border_rank": 12,
  "bordered_dimension": 4108,
  "center_inverse_two_norm_upper": 60.225843136463716,
  "certificate_seconds": 29.136723801959306,
  "closed_arc_count": 1,
  "closed_arc_maximum": 925,
  "closed_arc_minimum": 925,
  "closed_arcs": [
    925
  ],
  "factor_nnz": 3672782,
  "factor_seconds": 2.349386407993734,
  "inverse_sha256": "2c2c62f6c6553493a7fda7881afafe2962b9b58dec399d517ace84215274da26",
  "matrix_nnz": 1290892,
  "physical_dimension": 2048,
  "residual_center_frobenius_upper": 5.2505004477209425e-14,
  "residual_center_sha256": "110d8d2fb1829d5ea8c30449394c801ea43e9a6d6ca74f4c0130ed99b76bbd40",
  "residual_frobenius_upper": 1.6475004400113616e-10,
  "residual_radius_frobenius_upper": 1.6470311234368804e-10,
  "residual_radius_sha256": "b7f05673533020ec3f04917134cba209f54487992e009de2d272baa550adaf39",
  "sigma": 0.01,
  "source_arc": 925,
  "spectral_parameter_imag": -0.7453399985424893,
  "spectral_parameter_real": -0.1470670477158089,
  "status": "rigorous_direct_center_certificate"
}
