{
  "approximate_inverse_frobenius_upper": 52.327056907881556,
  "border_rank": 12,
  "bordered_dimension": 4108,
  "center_inverse_two_norm_upper": 52.32705691420741,
  "certificate_seconds": 28.871400022006128,
  "closed_arc_count": 1,
  "closed_arc_maximum": 918,
  "closed_arc_minimum": 918,
  "closed_arcs": [
    918
  ],
  "factor_nnz": 3672782,
  "factor_seconds": 2.330430144967977,
  "inverse_sha256": "b607661de74b479631e81418a2e528c82b70f7e33472cb7e8f83ba295fbd0dcc",
  "matrix_nnz": 1290892,
  "physical_dimension": 2048,
  "residual_center_frobenius_upper": 4.856067795230467e-14,
  "residual_center_sha256": "d221b3577a647647bab1cda0ccfba068dadcd68449bc3833f284bbd7eafbba97",
  "residual_frobenius_upper": 1.2089039636656732e-10,
  "residual_radius_frobenius_upper": 1.2084770204802867e-10,
  "residual_radius_sha256": "ef59f0d42b7ac8bb35df82693197ca083f53feed1b9889789b8dec47dfafae4d",
  "sigma": 0.01,
  "source_arc": 918,
  "spectral_parameter_imag": -0.8130238154795608,
  "spectral_parameter_real": -0.31047023651846467,
  "status": "rigorous_direct_center_certificate"
}
