{
  "approximate_inverse_frobenius_upper": 83.66798001229184,
  "border_rank": 12,
  "bordered_dimension": 4108,
  "center_inverse_two_norm_upper": 83.66798004503592,
  "certificate_seconds": 29.024016849987675,
  "closed_arc_count": 1,
  "closed_arc_maximum": 934,
  "closed_arc_minimum": 934,
  "closed_arcs": [
    934
  ],
  "factor_nnz": 3672782,
  "factor_seconds": 2.3486247059772722,
  "inverse_sha256": "975b1ad3f6545d0f60f17eb7e6f6a55fbdcb768f961ddee33c9b9f043553c4df",
  "matrix_nnz": 1290892,
  "physical_dimension": 2048,
  "residual_center_frobenius_upper": 5.671263257057724e-14,
  "residual_center_sha256": "adcce1585a09f8fa67848b8dc3005b9dba5464e17bfcb2be088c9654d9431f30",
  "residual_frobenius_upper": 3.913570325507492e-10,
  "residual_radius_frobenius_upper": 3.9130270233231025e-10,
  "residual_radius_sha256": "5c39a98d8827f48974abfc86d4ca42bc18180c3e8c0ce89a65df214151fa4bc6",
  "sigma": 0.01,
  "source_arc": 934,
  "spectral_parameter_imag": -0.5701518541176752,
  "spectral_parameter_real": -0.0615629326246781,
  "status": "rigorous_direct_center_certificate"
}
