{
  "approximate_inverse_frobenius_upper": 112.73430456592567,
  "border_rank": 12,
  "bordered_dimension": 4108,
  "center_inverse_two_norm_upper": 112.7343046459022,
  "certificate_seconds": 29.607837843999732,
  "closed_arc_count": 5,
  "closed_arc_maximum": 872,
  "closed_arc_minimum": 868,
  "closed_arcs": [
    868,
    869,
    870,
    871,
    872
  ],
  "factor_nnz": 3672782,
  "factor_seconds": 2.3446168869850226,
  "inverse_sha256": "bba9b573f63b87858c5c59cf3e582dfee138b645bc55c7fd2a39f715cbef686f",
  "matrix_nnz": 1290892,
  "physical_dimension": 2048,
  "residual_center_frobenius_upper": 6.178369223787704e-14,
  "residual_center_sha256": "eeeca70f7c4a39bf0ebe914088c2e6662483f80a6a3d3f438123018f492d4f12",
  "residual_frobenius_upper": 7.094246891917601e-10,
  "residual_radius_frobenius_upper": 7.093686168924946e-10,
  "residual_radius_sha256": "c00dbe191eed247dd997710ffa2b6e9abcf8517f792c29206d51de0cd9a56b23",
  "sigma": 0.01,
  "source_arc": 870,
  "spectral_parameter_imag": -0.28834742962446747,
  "spectral_parameter_real": -0.32173977804292997,
  "status": "rigorous_direct_center_certificate"
}
