{
  "approximate_inverse_frobenius_upper": 69.10387160929932,
  "border_rank": 12,
  "bordered_dimension": 4108,
  "center_inverse_two_norm_upper": 69.10387162527861,
  "certificate_seconds": 28.857392217963934,
  "closed_arc_count": 1,
  "closed_arc_maximum": 929,
  "closed_arc_minimum": 929,
  "closed_arcs": [
    929
  ],
  "factor_nnz": 3672782,
  "factor_seconds": 2.337254031037446,
  "inverse_sha256": "3f44192da3fb2283b495a4c8fc95574ea07e5c430cf0375beb273377ef69406c",
  "matrix_nnz": 1290892,
  "physical_dimension": 2048,
  "residual_center_frobenius_upper": 5.0685667132017514e-14,
  "residual_center_sha256": "1554504f90ad899af1cc40074d18b1f2ccee922dcc917bdd1955f49ebb1b20e5",
  "residual_frobenius_upper": 2.3123557055822173e-10,
  "residual_radius_frobenius_upper": 2.31187961877679e-10,
  "residual_radius_sha256": "e8e48834ef427928e35d4c743205b4bfc59d8abe15827e8de7a3870c16177b09",
  "sigma": 0.01,
  "source_arc": 929,
  "spectral_parameter_imag": -0.6630739289971527,
  "spectral_parameter_real": -0.08605437229785667,
  "status": "rigorous_direct_center_certificate"
}
