{
  "approximate_inverse_frobenius_upper": 66.45215535888434,
  "border_rank": 12,
  "bordered_dimension": 4108,
  "center_inverse_two_norm_upper": 66.45215537278096,
  "certificate_seconds": 28.93870496196905,
  "closed_arc_count": 1,
  "closed_arc_maximum": 928,
  "closed_arc_minimum": 928,
  "closed_arcs": [
    928
  ],
  "factor_nnz": 3672782,
  "factor_seconds": 2.3450724550057203,
  "inverse_sha256": "2100bcc55e5453629851ab2937bfc627722d18305f0ec96b75b778aa5d1361d1",
  "matrix_nnz": 1290892,
  "physical_dimension": 2048,
  "residual_center_frobenius_upper": 5.225466337927183e-14,
  "residual_center_sha256": "8b86bcf68b4f6b27a2e8f31302f10dd2d5687cce35d4b556f8b12cc07589057a",
  "residual_frobenius_upper": 2.091218067191406e-10,
  "residual_radius_frobenius_upper": 2.090743333686499e-10,
  "residual_radius_sha256": "bc087edc77838b2b664c803f40269d936c4cfdde0464d662cb336e1b41ef2a36",
  "sigma": 0.01,
  "source_arc": 928,
  "spectral_parameter_imag": -0.6857925799415294,
  "spectral_parameter_real": -0.09819774422140504,
  "status": "rigorous_direct_center_certificate"
}
