{
  "approximate_inverse_frobenius_upper": 54.811413636785794,
  "border_rank": 12,
  "bordered_dimension": 4108,
  "center_inverse_two_norm_upper": 54.81141364409983,
  "certificate_seconds": 29.031239998992532,
  "closed_arc_count": 1,
  "closed_arc_maximum": 921,
  "closed_arc_minimum": 921,
  "closed_arcs": [
    921
  ],
  "factor_nnz": 3672782,
  "factor_seconds": 2.3372561200521886,
  "inverse_sha256": "c7b9936ed8f048a68f7644b619304e7bbc6920dd4e079877b062a6c45f37ddad",
  "matrix_nnz": 1290892,
  "physical_dimension": 2048,
  "residual_center_frobenius_upper": 5.1256370608679184e-14,
  "residual_center_sha256": "0f515e7b347c631f2d419b17b755c9702e91bf66243ab6c3230629a6342958a7",
  "residual_frobenius_upper": 1.3343982895461291e-10,
  "residual_radius_frobenius_upper": 1.3339374053371004e-10,
  "residual_radius_sha256": "18740683257d02c6ff39ac2f1221868a159f10f6f08e8ae6f78b899c827fcdf0",
  "sigma": 0.01,
  "source_arc": 921,
  "spectral_parameter_imag": -0.7979953963688569,
  "spectral_parameter_real": -0.23491727161900408,
  "status": "rigorous_direct_center_certificate"
}
