{
  "approximate_inverse_frobenius_upper": 168.550105207356,
  "border_rank": 12,
  "bordered_dimension": 4108,
  "center_inverse_two_norm_upper": 168.5501054661368,
  "certificate_seconds": 29.451031116012018,
  "closed_arc_count": 18,
  "closed_arc_maximum": 51,
  "closed_arc_minimum": 34,
  "closed_arcs": [
    34,
    35,
    36,
    37,
    38,
    39,
    40,
    41,
    42,
    43,
    44,
    45,
    46,
    47,
    48,
    49,
    50,
    51
  ],
  "factor_nnz": 3672782,
  "factor_seconds": 2.3122118890169077,
  "inverse_sha256": "fba00b912cd1a3d67ceb0ceb33a50f620474f277015996b2dc0f4be7c0b6d672",
  "matrix_nnz": 1290892,
  "physical_dimension": 2048,
  "residual_center_frobenius_upper": 1.5821676559403905e-13,
  "residual_center_sha256": "6f9a6d37515ab4a22b3dd3cc8aedcbdd1bb28aebeb8763d0473025ca7b714d9c",
  "residual_frobenius_upper": 1.5353342675122242e-09,
  "residual_radius_frobenius_upper": 1.5351977252936228e-09,
  "residual_radius_sha256": "e04ad7f7e2c046021921ef041694070a74555dbd63e3264d6314b94a218a4ead",
  "sigma": 0.01,
  "source_arc": 40,
  "spectral_parameter_imag": -0.46278731252720806,
  "spectral_parameter_real": -0.0760609272874103,
  "status": "rigorous_direct_center_certificate"
}
