{
  "approximate_inverse_frobenius_upper": 126.24784067726993,
  "border_rank": 12,
  "bordered_dimension": 4108,
  "center_inverse_two_norm_upper": 126.24784079520269,
  "certificate_seconds": 29.214427858009003,
  "closed_arc_count": 9,
  "closed_arc_maximum": 854,
  "closed_arc_minimum": 846,
  "closed_arcs": [
    846,
    847,
    848,
    849,
    850,
    851,
    852,
    853,
    854
  ],
  "factor_nnz": 3672782,
  "factor_seconds": 2.3326156080001965,
  "inverse_sha256": "fefb2b7813f45d561d24d0fe6a867ae8c82cf6404e85804a1fe9b72553dfc459",
  "matrix_nnz": 1290892,
  "physical_dimension": 2048,
  "residual_center_frobenius_upper": 7.309495892577596e-14,
  "residual_center_sha256": "a339bfaade75b8843643c4c5a01354e7e8db3d55ba317304904bc8c6a51a3ec2",
  "residual_frobenius_upper": 9.341365361329806e-10,
  "residual_radius_frobenius_upper": 9.340673462526638e-10,
  "residual_radius_sha256": "c9c47b5ee53fa39f3b70e3eaf73f0dc39a3cf345ca9db9b1176d2c1b022b6f5f",
  "sigma": 0.01,
  "source_arc": 850,
  "spectral_parameter_imag": -0.2932304268115475,
  "spectral_parameter_real": -0.2729295742417237,
  "status": "rigorous_direct_center_certificate"
}
