{
  "approximate_inverse_frobenius_upper": 53.13616773790443,
  "border_rank": 12,
  "bordered_dimension": 4108,
  "center_inverse_two_norm_upper": 53.136167744456934,
  "certificate_seconds": 28.726712032977957,
  "closed_arc_count": 1,
  "closed_arc_maximum": 905,
  "closed_arc_minimum": 905,
  "closed_arcs": [
    905
  ],
  "factor_nnz": 3672782,
  "factor_seconds": 2.321842193021439,
  "inverse_sha256": "4d56dce393987a32b3409933e1e1c96c4753bafc3ffb27f2bc7fd25272cbe278",
  "matrix_nnz": 1290892,
  "physical_dimension": 2048,
  "residual_center_frobenius_upper": 5.442031681587613e-14,
  "residual_center_sha256": "e32a5f247914f7bd007dd5b260dcfe98bea38d4f2c1464d67a67deee2a7c44bf",
  "residual_frobenius_upper": 1.2331512337185458e-10,
  "residual_radius_frobenius_upper": 1.232693554817541e-10,
  "residual_radius_sha256": "bd63c3d7e6df39f382cc85f291e7702d1ef5c8957499b498632613c297afc385",
  "sigma": 0.01,
  "source_arc": 905,
  "spectral_parameter_imag": -0.6392744159768075,
  "spectral_parameter_real": -0.5705045890739535,
  "status": "rigorous_direct_center_certificate"
}
