{
  "approximate_inverse_frobenius_upper": 85.68523272177111,
  "border_rank": 12,
  "bordered_dimension": 4108,
  "center_inverse_two_norm_upper": 85.68523275307173,
  "certificate_seconds": 29.327806384011637,
  "closed_arc_count": 1,
  "closed_arc_maximum": 889,
  "closed_arc_minimum": 889,
  "closed_arcs": [
    889
  ],
  "factor_nnz": 3672782,
  "factor_seconds": 2.3205450759851374,
  "inverse_sha256": "3252948b698852dc2af7029d393279709d128762d4b9a0c1ecc2dab40c1b22c5",
  "matrix_nnz": 1290892,
  "physical_dimension": 2048,
  "residual_center_frobenius_upper": 5.605891554423819e-14,
  "residual_center_sha256": "84bac1cedcf14a3bea7b00a358cd8e91f9b753556f1ffa3e50a35e58553fd24b",
  "residual_frobenius_upper": 3.652973742184433e-10,
  "residual_radius_frobenius_upper": 3.65248923908678e-10,
  "residual_radius_sha256": "3285521c4fdd0f5cb6f4af6b1959dbd5925c3ca8d3c313a0ea8c9a5ff3de2ff1",
  "sigma": 0.01,
  "source_arc": 889,
  "spectral_parameter_imag": -0.3163709766175633,
  "spectral_parameter_real": -0.44137285634565016,
  "status": "rigorous_direct_center_certificate"
}
