{
  "approximate_inverse_frobenius_upper": 184.00129877646694,
  "border_rank": 12,
  "bordered_dimension": 4108,
  "center_inverse_two_norm_upper": 184.00129909992242,
  "certificate_seconds": 30.150957020989154,
  "closed_arc_count": 25,
  "closed_arc_maximum": 656,
  "closed_arc_minimum": 632,
  "closed_arcs": [
    632,
    633,
    634,
    635,
    636,
    637,
    638,
    639,
    640,
    641,
    642,
    643,
    644,
    645,
    646,
    647,
    648,
    649,
    650,
    651,
    652,
    653,
    654,
    655,
    656
  ],
  "factor_nnz": 3672782,
  "factor_seconds": 2.3129008089890704,
  "inverse_sha256": "b2a2d9e1c51026fb560b05df37ed9e271857453b4f409e8d2eee54db1cf6e7c0",
  "matrix_nnz": 1290892,
  "physical_dimension": 2048,
  "residual_center_frobenius_upper": 1.0946385262487329e-13,
  "residual_center_sha256": "721091d27a746e0d3b5253c6b8baf7c8901a336797007a6104b872955c1dfb1d",
  "residual_frobenius_upper": 1.7578975281902042e-09,
  "residual_radius_frobenius_upper": 1.757789390559902e-09,
  "residual_radius_sha256": "5337e94ac0d9fa3fafa1a35d4cf31a059f9b1617f0eacce78298c68d3b29865c",
  "sigma": 0.01,
  "source_arc": 644,
  "spectral_parameter_imag": -0.3653690139391074,
  "spectral_parameter_real": -0.13759347736086108,
  "status": "rigorous_direct_center_certificate"
}
