{
  "approximate_inverse_frobenius_upper": 244.31742684565282,
  "border_rank": 12,
  "bordered_dimension": 4108,
  "center_inverse_two_norm_upper": 244.31742743494732,
  "certificate_seconds": 30.430253667989746,
  "closed_arc_count": 37,
  "closed_arc_maximum": 105,
  "closed_arc_minimum": 69,
  "closed_arcs": [
    69,
    70,
    71,
    72,
    73,
    74,
    75,
    76,
    77,
    78,
    79,
    80,
    81,
    82,
    83,
    84,
    85,
    86,
    87,
    88,
    89,
    90,
    91,
    92,
    93,
    94,
    95,
    96,
    97,
    98,
    99,
    100,
    101,
    102,
    103,
    104,
    105
  ],
  "factor_nnz": 3672782,
  "factor_seconds": 2.3145777090103365,
  "inverse_sha256": "a1c768124f29751f5759c439428a15c1d997c02168f572d9e4c407fb1abe16df",
  "matrix_nnz": 1290892,
  "physical_dimension": 2048,
  "residual_center_frobenius_upper": 1.8140908851734154e-13,
  "residual_center_sha256": "5355d82d11e924fa71aac0821e015d115ffa8602fa59e939972685af76298eea",
  "residual_frobenius_upper": 2.412003298593659e-09,
  "residual_radius_frobenius_upper": 2.411837546460999e-09,
  "residual_radius_sha256": "2826121e2aa155f30e6c299940a5c6df73b2a3cce710db99ad7fad6f3a4ad09e",
  "sigma": 0.01,
  "source_arc": 86,
  "spectral_parameter_imag": -0.4475113578100781,
  "spectral_parameter_real": -0.08204455017971139,
  "status": "rigorous_direct_center_certificate"
}
