{
  "approximate_inverse_frobenius_upper": 98.12799609592872,
  "border_rank": 12,
  "bordered_dimension": 4108,
  "center_inverse_two_norm_upper": 98.12799615446076,
  "certificate_seconds": 29.55796044599265,
  "closed_arc_count": 4,
  "closed_arc_maximum": 6,
  "closed_arc_minimum": 3,
  "closed_arcs": [
    3,
    4,
    5,
    6
  ],
  "factor_nnz": 3672782,
  "factor_seconds": 2.3115965349716134,
  "inverse_sha256": "44b384c19b15f0f5b3a44d0c16dc1f209982604ee80ebb1eeddde752f4b75d8c",
  "matrix_nnz": 1290892,
  "physical_dimension": 2048,
  "residual_center_frobenius_upper": 6.489196640603124e-14,
  "residual_center_sha256": "5a80d396c7e3c8132237da755c54f3eb840dd92777cb6e6510c44b21d5cbdfaa",
  "residual_frobenius_upper": 5.964863700038767e-10,
  "residual_radius_frobenius_upper": 5.964235802459208e-10,
  "residual_radius_sha256": "bc4776dfdf77a9c3b66398ffec0b001ec94054561f4e40b5a0dd1b3be4bcad0b",
  "sigma": 0.01,
  "source_arc": 4,
  "spectral_parameter_imag": -0.5219080547849653,
  "spectral_parameter_real": -0.06245109367927603,
  "status": "rigorous_direct_center_certificate"
}
