{
  "approximate_inverse_frobenius_upper": 527.7660135800712,
  "border_rank": 12,
  "bordered_dimension": 4108,
  "center_inverse_two_norm_upper": 527.7660164672046,
  "certificate_seconds": 30.371007075998932,
  "closed_arc_count": 37,
  "closed_arc_maximum": 295,
  "closed_arc_minimum": 259,
  "closed_arcs": [
    259,
    260,
    261,
    262,
    263,
    264,
    265,
    266,
    267,
    268,
    269,
    270,
    271,
    272,
    273,
    274,
    275,
    276,
    277,
    278,
    279,
    280,
    281,
    282,
    283,
    284,
    285,
    286,
    287,
    288,
    289,
    290,
    291,
    292,
    293,
    294,
    295
  ],
  "factor_nnz": 3672782,
  "factor_seconds": 2.3184151820023544,
  "inverse_sha256": "e82fb4347656c9ea028ed28b37e94bc3b0583d9c47e15a6af07684ef1802ecc4",
  "matrix_nnz": 1290892,
  "physical_dimension": 2048,
  "residual_center_frobenius_upper": 3.195299054770579e-13,
  "residual_center_sha256": "f77bc91f313ea175f15d3074e08d6c9e62b36a9cba192c655e21f1ba11922d2a",
  "residual_frobenius_upper": 5.4704795754795925e-09,
  "residual_radius_frobenius_upper": 5.470167080527991e-09,
  "residual_radius_sha256": "b88b8c48dc19af0661eebf3ed22a21f2011f4e7abbc1c9a5fa51ccc1dae82d0b",
  "sigma": 0.01,
  "source_arc": 277,
  "spectral_parameter_imag": -0.4267008616455917,
  "spectral_parameter_real": -0.0920610905467672,
  "status": "rigorous_direct_center_certificate"
}
