{
  "approximate_inverse_frobenius_upper": 87.96801316940027,
  "border_rank": 12,
  "bordered_dimension": 4108,
  "center_inverse_two_norm_upper": 87.96801320365486,
  "certificate_seconds": 29.12806424900191,
  "closed_arc_count": 1,
  "closed_arc_maximum": 888,
  "closed_arc_minimum": 888,
  "closed_arcs": [
    888
  ],
  "factor_nnz": 3672782,
  "factor_seconds": 2.3236615199712105,
  "inverse_sha256": "35287fd085508ead728bb00fd457e9ac200c0d1658de4c31b2e47810716b1dd5",
  "matrix_nnz": 1290892,
  "physical_dimension": 2048,
  "residual_center_frobenius_upper": 5.403729006669709e-14,
  "residual_center_sha256": "d68d88dfc92f14111e142220b57a882e5229aacb9094eea5b30b5dd93659b569",
  "residual_frobenius_upper": 3.8939808074646226e-10,
  "residual_radius_frobenius_upper": 3.893510047088381e-10,
  "residual_radius_sha256": "6c9f558f17541392adeba4a582b29132d9bb1dee895b5cb9e5106cd0a4a2c435",
  "sigma": 0.01,
  "source_arc": 888,
  "spectral_parameter_imag": -0.3108623208461596,
  "spectral_parameter_real": -0.42972578228813196,
  "status": "rigorous_direct_center_certificate"
}
