{
  "approximate_inverse_frobenius_upper": 145.0993756991624,
  "border_rank": 12,
  "bordered_dimension": 4108,
  "center_inverse_two_norm_upper": 145.09937588543633,
  "certificate_seconds": 28.93522490200121,
  "closed_arc_count": 17,
  "closed_arc_maximum": 801,
  "closed_arc_minimum": 785,
  "closed_arcs": [
    785,
    786,
    787,
    788,
    789,
    790,
    791,
    792,
    793,
    794,
    795,
    796,
    797,
    798,
    799,
    800,
    801
  ],
  "factor_nnz": 3672782,
  "factor_seconds": 2.309533032006584,
  "inverse_sha256": "e0a873e921ac7057371e3be8caf40a01644d2c302778f3d92a63426727ef6a33",
  "matrix_nnz": 1290892,
  "physical_dimension": 2048,
  "residual_center_frobenius_upper": 9.672213421792532e-14,
  "residual_center_sha256": "6c2703606d21e41e498e6197fed38c71827123cb67e0ee9fbb151008e5226e44",
  "residual_frobenius_upper": 1.2837675837965638e-09,
  "residual_radius_frobenius_upper": 1.2836761310451702e-09,
  "residual_radius_sha256": "6b23e54a4378d289774489d61afe2df0b9f35c1e5f528346d91ac2c3ee31ad61",
  "sigma": 0.01,
  "source_arc": 793,
  "spectral_parameter_imag": -0.31371762149279886,
  "spectral_parameter_real": -0.21075388317946023,
  "status": "rigorous_direct_center_certificate"
}
