{
  "approximate_inverse_frobenius_upper": 224.54656346704593,
  "border_rank": 12,
  "bordered_dimension": 4108,
  "center_inverse_two_norm_upper": 224.54656396546696,
  "certificate_seconds": 31.220876637031324,
  "closed_arc_count": 21,
  "closed_arc_maximum": 589,
  "closed_arc_minimum": 569,
  "closed_arcs": [
    569,
    570,
    571,
    572,
    573,
    574,
    575,
    576,
    577,
    578,
    579,
    580,
    581,
    582,
    583,
    584,
    585,
    586,
    587,
    588,
    589
  ],
  "factor_nnz": 3672782,
  "factor_seconds": 2.313566424010787,
  "inverse_sha256": "78275846370afc68f0fe10fbb1aa2c6ebc498c05ef79a7ef6c5a271c177bdb35",
  "matrix_nnz": 1290892,
  "physical_dimension": 2048,
  "residual_center_frobenius_upper": 1.6155217582918828e-13,
  "residual_center_sha256": "db8dcaa3bccc2533b6885f9ead0a325450716ce7d4520968149d5971e89b84be",
  "residual_frobenius_upper": 2.2196775839004998e-09,
  "residual_radius_frobenius_upper": 2.2195264346298065e-09,
  "residual_radius_sha256": "cd13aa85a9c33788801bb06573a516ef2e0dad49f5ee384c4c6cc45bc0c45a4f",
  "sigma": 0.01,
  "source_arc": 579,
  "spectral_parameter_imag": -0.3847811378000796,
  "spectral_parameter_real": -0.12005351786384032,
  "status": "rigorous_direct_center_certificate"
}
