{
  "approximate_inverse_frobenius_upper": 86.64267376236498,
  "border_rank": 12,
  "bordered_dimension": 4108,
  "center_inverse_two_norm_upper": 86.64267379973252,
  "certificate_seconds": 29.118132292991504,
  "closed_arc_count": 1,
  "closed_arc_maximum": 935,
  "closed_arc_minimum": 935,
  "closed_arcs": [
    935
  ],
  "factor_nnz": 3672782,
  "factor_seconds": 2.3542071160045452,
  "inverse_sha256": "460cbd1ef7be43a087f7ed6ab747afacc578f8f5014c94920630365c47b8fd11",
  "matrix_nnz": 1290892,
  "physical_dimension": 2048,
  "residual_center_frobenius_upper": 5.943399617099193e-14,
  "residual_center_sha256": "3dce86097abd724c63c00ed1717866c4ca84a99f4f722695dd3003c7ba5378f5",
  "residual_frobenius_upper": 4.312829625935515e-10,
  "residual_radius_frobenius_upper": 4.312263553058794e-10,
  "residual_radius_sha256": "b8d93f2fe167b28252881a4336dd74e9df33e8c3846b83b3f8d727dacb2e862d",
  "sigma": 0.01,
  "source_arc": 935,
  "spectral_parameter_imag": -0.5572832894839724,
  "spectral_parameter_real": -0.06093074058316951,
  "status": "rigorous_direct_center_certificate"
}
