{
  "approximate_inverse_frobenius_upper": 50.4857805784591,
  "border_rank": 12,
  "bordered_dimension": 4108,
  "center_inverse_two_norm_upper": 50.485780584110735,
  "certificate_seconds": 28.876665957970545,
  "closed_arc_count": 1,
  "closed_arc_maximum": 912,
  "closed_arc_minimum": 912,
  "closed_arcs": [
    912
  ],
  "factor_nnz": 3672782,
  "factor_seconds": 2.340642842988018,
  "inverse_sha256": "c484d12e12bb3abfd2a8b8c6115a4fc4d2cdd88fd9af8a880822bb5096e66598",
  "matrix_nnz": 1290892,
  "physical_dimension": 2048,
  "residual_center_frobenius_upper": 5.203425794816822e-14,
  "residual_center_sha256": "babcd44f6384ecba2ab4ebd7c9999574c109949a3358b31c06d3631fc7cbb9cb",
  "residual_frobenius_upper": 1.1194483889966476e-10,
  "residual_radius_frobenius_upper": 1.1189912829366537e-10,
  "residual_radius_sha256": "03fb606e34d145c209824759029440e45cad9292ec80e1fa3939d32e0eea2b65",
  "sigma": 0.01,
  "source_arc": 912,
  "spectral_parameter_imag": -0.7759939433744065,
  "spectral_parameter_real": -0.4583017726466261,
  "status": "rigorous_direct_center_certificate"
}
