{
  "approximate_inverse_frobenius_upper": 122.60442223498086,
  "border_rank": 12,
  "bordered_dimension": 4108,
  "center_inverse_two_norm_upper": 122.60442234163531,
  "certificate_seconds": 29.459537173970602,
  "closed_arc_count": 7,
  "closed_arc_maximum": 860,
  "closed_arc_minimum": 854,
  "closed_arcs": [
    854,
    855,
    856,
    857,
    858,
    859,
    860
  ],
  "factor_nnz": 3672782,
  "factor_seconds": 2.3426287819747813,
  "inverse_sha256": "88401de15469941b3a3b239c1763e6ca7dfafb8ad731f30ff9b2600d0a7c5529",
  "matrix_nnz": 1290892,
  "physical_dimension": 2048,
  "residual_center_frobenius_upper": 6.912135665290272e-14,
  "residual_center_sha256": "6d892ba76f9a658bb4cc1eada2471c9794cd8b03a35346ab6633f5a3ecfae8f2",
  "residual_frobenius_upper": 8.699068119512199e-10,
  "residual_radius_frobenius_upper": 8.698416800070845e-10,
  "residual_radius_sha256": "508240e35434a0c08563d4bac3e5f4781dd3ccd139fb811d20e1516cab5c1268",
  "sigma": 0.01,
  "source_arc": 858,
  "spectral_parameter_imag": -0.2910666956993064,
  "spectral_parameter_real": -0.28563067223296257,
  "status": "rigorous_direct_center_certificate"
}
