{
  "approximate_inverse_frobenius_upper": 92.89114097409664,
  "border_rank": 12,
  "bordered_dimension": 4108,
  "center_inverse_two_norm_upper": 92.8911410153769,
  "certificate_seconds": 28.808770275034476,
  "closed_arc_count": 1,
  "closed_arc_maximum": 886,
  "closed_arc_minimum": 886,
  "closed_arcs": [
    886
  ],
  "factor_nnz": 3672782,
  "factor_seconds": 2.3131056160200387,
  "inverse_sha256": "ef1a36190463ff1730c334446bf311f7bac4b0c2ed0862df20494dc9bc89eab2",
  "matrix_nnz": 1290892,
  "physical_dimension": 2048,
  "residual_center_frobenius_upper": 5.629413007892503e-14,
  "residual_center_sha256": "901e395b5b0e04c69583da0dccff5a6f77031f4c888f324f5c7f27109a3d3eab",
  "residual_frobenius_upper": 4.443936723500512e-10,
  "residual_radius_frobenius_upper": 4.4434465802554797e-10,
  "residual_radius_sha256": "83c52c4946eecae5eceae26508bf6ee12fd58cb026477067995c7d34422b4deb",
  "sigma": 0.01,
  "source_arc": 886,
  "spectral_parameter_imag": -0.3015912781327338,
  "spectral_parameter_real": -0.40569150781578955,
  "status": "rigorous_direct_center_certificate"
}
