{
  "approximate_inverse_frobenius_upper": 461.9437896458103,
  "border_rank": 12,
  "bordered_dimension": 4108,
  "center_id": "turn_00183343_of_02097152",
  "center_inverse_two_norm_upper": 461.94379185782446,
  "certificate_seconds": 29.91351682698587,
  "closed_arc_count": 35,
  "closed_arc_maximum": 438,
  "closed_arc_minimum": 404,
  "closed_arcs": [
    404,
    405,
    406,
    407,
    408,
    409,
    410,
    411,
    412,
    413,
    414,
    415,
    416,
    417,
    418,
    419,
    420,
    421,
    422,
    423,
    424,
    425,
    426,
    427,
    428,
    429,
    430,
    431,
    432,
    433,
    434,
    435,
    436,
    437,
    438
  ],
  "component": 4,
  "factor_nnz": 3672782,
  "factor_seconds": 2.3199465289944783,
  "inverse_sha256": "ccb202228b6bf1ca3bb6da4f866cfb100151915d09c2b40d30ebccff42c3b586",
  "matrix_nnz": 1290892,
  "parent_arcs": [
    420,
    421,
    422,
    423,
    424,
    425,
    426,
    427,
    428,
    429,
    430
  ],
  "physical_dimension": 2048,
  "residual_center_frobenius_upper": 2.819567144350869e-13,
  "residual_center_sha256": "47ba59135e7e3a299c3225166c05179c286938a57da6002db51675c9da7f8da3",
  "residual_frobenius_upper": 4.788491865018966e-09,
  "residual_radius_frobenius_upper": 4.7882175966125724e-09,
  "residual_radius_sha256": "210371b1c46f6d195f52607bca82a828dca0cb435e56b8803b8440b5e0a99f98",
  "sigma": 0.01,
  "source_kind": "adaptive_gap_midpoint",
  "spectral_parameter_imag": -0.4137918534765823,
  "spectral_parameter_real": -0.09946863597824665,
  "status": "rigorous_direct_center_certificate",
  "turn_denominator": 2097152,
  "turn_numerator": 183343
}
