{
  "approximate_inverse_frobenius_upper": 306.4102691814659,
  "border_rank": 12,
  "bordered_dimension": 4108,
  "center_id": "turn_00025409_of_00262144",
  "center_inverse_two_norm_upper": 306.41027013901595,
  "certificate_seconds": 30.3622889269609,
  "closed_arc_count": 32,
  "closed_arc_maximum": 522,
  "closed_arc_minimum": 491,
  "closed_arcs": [
    491,
    492,
    493,
    494,
    495,
    496,
    497,
    498,
    499,
    500,
    501,
    502,
    503,
    504,
    505,
    506,
    507,
    508,
    509,
    510,
    511,
    512,
    513,
    514,
    515,
    516,
    517,
    518,
    519,
    520,
    521,
    522
  ],
  "component": 6,
  "factor_nnz": 3672782,
  "factor_seconds": 2.3184008250245824,
  "inverse_sha256": "ade250480e6cce8bba3741a3aa41490f16c7bc4220a6dfb8435ae1f72f147bb9",
  "matrix_nnz": 1290892,
  "parent_arcs": [
    487,
    488,
    489,
    490,
    491,
    492,
    493,
    494,
    495,
    496,
    497,
    498,
    499,
    500,
    501,
    502,
    503,
    504,
    505,
    506,
    507,
    508,
    509,
    510,
    511,
    512,
    513,
    514,
    515,
    516,
    517,
    518,
    519,
    520,
    521,
    522,
    523,
    524,
    525,
    526
  ],
  "physical_dimension": 2048,
  "residual_center_frobenius_upper": 1.995069723990597e-13,
  "residual_center_sha256": "4076f3874909cc43bc68da56d096845687212e9bf0d29a7afe8ec8b46ef9a7c9",
  "residual_frobenius_upper": 3.1250583581259393e-09,
  "residual_radius_frobenius_upper": 3.1248687943754318e-09,
  "residual_radius_sha256": "6c876a58d626c09cc8ac3f998dbcf190e3ec0e52a493f17ddbbe9e04f968db46",
  "sigma": 0.01,
  "source_kind": "adaptive_gap_midpoint",
  "spectral_parameter_imag": -0.4006763939221549,
  "spectral_parameter_real": -0.1080457365488692,
  "status": "rigorous_direct_center_certificate",
  "turn_denominator": 262144,
  "turn_numerator": 25409
}
