{
  "approximate_inverse_frobenius_upper": 552.692270402583,
  "border_rank": 12,
  "bordered_dimension": 4108,
  "center_id": "turn_00168367_of_02097152",
  "center_inverse_two_norm_upper": 552.6922735734375,
  "certificate_seconds": 28.645807620021515,
  "closed_arc_count": 35,
  "closed_arc_maximum": 325,
  "closed_arc_minimum": 291,
  "closed_arcs": [
    291,
    292,
    293,
    294,
    295,
    296,
    297,
    298,
    299,
    300,
    301,
    302,
    303,
    304,
    305,
    306,
    307,
    308,
    309,
    310,
    311,
    312,
    313,
    314,
    315,
    316,
    317,
    318,
    319,
    320,
    321,
    322,
    323,
    324,
    325
  ],
  "component": 2,
  "factor_nnz": 3672782,
  "factor_seconds": 2.3091011329670437,
  "inverse_sha256": "626afb8ffac0ec1c0a5bc81492a346d484ac566be231a5aa2fc9a2465298abba",
  "matrix_nnz": 1290892,
  "parent_arcs": [
    296,
    297,
    298,
    299,
    300,
    301,
    302,
    303,
    304,
    305,
    306,
    307,
    308,
    309,
    310,
    311,
    312,
    313,
    314,
    315,
    316,
    317,
    318,
    319,
    320
  ],
  "physical_dimension": 2048,
  "residual_center_frobenius_upper": 3.308482986705576e-13,
  "residual_center_sha256": "c478268f2ee9aba5a9c9226e4255aa4394286ff4747c7c2cdde2bf674c58408c",
  "residual_frobenius_upper": 5.737106568729898e-09,
  "residual_radius_frobenius_upper": 5.736782406742582e-09,
  "residual_radius_sha256": "8438e291a4c4108d502da84ab0535a32d2bf26e7cff38ff3682f3e75ccf4ae63",
  "sigma": 0.01,
  "source_kind": "adaptive_gap_midpoint",
  "spectral_parameter_imag": -0.42397175429180867,
  "spectral_parameter_real": -0.0935467623435643,
  "status": "rigorous_direct_center_certificate",
  "turn_denominator": 2097152,
  "turn_numerator": 168367
}
