{
  "approximate_inverse_frobenius_upper": 288.4704484507189,
  "border_rank": 12,
  "bordered_dimension": 4108,
  "center_id": "turn_00004435_of_00065536",
  "center_inverse_two_norm_upper": 288.4704492875891,
  "certificate_seconds": 31.29689551796764,
  "closed_arc_count": 39,
  "closed_arc_maximum": 135,
  "closed_arc_minimum": 97,
  "closed_arcs": [
    97,
    98,
    99,
    100,
    101,
    102,
    103,
    104,
    105,
    106,
    107,
    108,
    109,
    110,
    111,
    112,
    113,
    114,
    115,
    116,
    117,
    118,
    119,
    120,
    121,
    122,
    123,
    124,
    125,
    126,
    127,
    128,
    129,
    130,
    131,
    132,
    133,
    134,
    135
  ],
  "component": 2,
  "factor_nnz": 3672782,
  "factor_seconds": 2.3081559259444475,
  "inverse_sha256": "3f153d940d85752d568382aa6e9801dd3e41517305ade040a95bc1ad89cc624f",
  "matrix_nnz": 1290892,
  "parent_arcs": [
    106,
    107,
    108,
    109,
    110,
    111,
    112,
    113,
    114,
    115,
    116,
    117,
    118,
    119
  ],
  "physical_dimension": 2048,
  "residual_center_frobenius_upper": 2.0529790745059934e-13,
  "residual_center_sha256": "8ba8b67a4f978f9d4387b7f67ff91472b6c7b7da5fbdd29146f3041aaa90acf0",
  "residual_frobenius_upper": 2.901060039299535e-09,
  "residual_radius_frobenius_upper": 2.900868103190087e-09,
  "residual_radius_sha256": "acf0aaee14ac4305c2bc002841bf366024911961d08626aec2e417a92f3e9b64",
  "sigma": 0.01,
  "source_kind": "adaptive_gap_midpoint",
  "spectral_parameter_imag": -0.4425596550156503,
  "spectral_parameter_real": -0.08422558705588767,
  "status": "rigorous_direct_center_certificate",
  "turn_denominator": 65536,
  "turn_numerator": 4435
}
