{
  "approximate_inverse_frobenius_upper": 437.6968729392778,
  "border_rank": 12,
  "bordered_dimension": 4108,
  "center_id": "turn_00156599_of_02097152",
  "center_inverse_two_norm_upper": 437.6968749137656,
  "certificate_seconds": 28.21054673200706,
  "closed_arc_count": 45,
  "closed_arc_maximum": 238,
  "closed_arc_minimum": 194,
  "closed_arcs": [
    194,
    195,
    196,
    197,
    198,
    199,
    200,
    201,
    202,
    203,
    204,
    205,
    206,
    207,
    208,
    209,
    210,
    211,
    212,
    213,
    214,
    215,
    216,
    217,
    218,
    219,
    220,
    221,
    222,
    223,
    224,
    225,
    226,
    227,
    228,
    229,
    230,
    231,
    232,
    233,
    234,
    235,
    236,
    237,
    238
  ],
  "component": 3,
  "factor_nnz": 3672782,
  "factor_seconds": 2.2888454429921694,
  "inverse_sha256": "4a8cbb02a894fa94783dc291eb7b077695095e7a5ca2a0247f1388504f9beb95",
  "matrix_nnz": 1290892,
  "parent_arcs": [
    174,
    175,
    176,
    177,
    178,
    179,
    180,
    181,
    182,
    183,
    184,
    185,
    186,
    187,
    188,
    189,
    190,
    191,
    192,
    193,
    194,
    195,
    196,
    197,
    198,
    199,
    200,
    201,
    202,
    203,
    204,
    205,
    206,
    207,
    208,
    209,
    210,
    211,
    212,
    213,
    214,
    215,
    216,
    217,
    218,
    219,
    220,
    221,
    222,
    223,
    224,
    225,
    226,
    227,
    228,
    229,
    230,
    231,
    232,
    233,
    234,
    235,
    236,
    237,
    238,
    239,
    240,
    241,
    242,
    243,
    244,
    245,
    246,
    247,
    248,
    249,
    250,
    251,
    252,
    253,
    254,
    255,
    256,
    257,
    258
  ],
  "physical_dimension": 2048,
  "residual_center_frobenius_upper": 2.765721587071645e-13,
  "residual_center_sha256": "07f273242339d1b00dc4851e2e564556c38bea0ac3dea1ea9a12518fe5a35210",
  "residual_frobenius_upper": 4.511084674495436e-09,
  "residual_radius_frobenius_upper": 4.510818321542954e-09,
  "residual_radius_sha256": "ced191c4bc7ed633387bc50c9ed147ef07a8b96b5f6cbf0c5e28fec99d6e9425",
  "sigma": 0.01,
  "source_kind": "adaptive_gap_midpoint",
  "spectral_parameter_imag": -0.4321512469246934,
  "spectral_parameter_real": -0.08921739591488287,
  "status": "rigorous_direct_center_certificate",
  "turn_denominator": 2097152,
  "turn_numerator": 156599
}
