{
  "approximate_inverse_frobenius_upper": 178.45486991431986,
  "border_rank": 12,
  "bordered_dimension": 4108,
  "center_id": "turn_00016883_of_00131072",
  "center_inverse_two_norm_upper": 178.454870216815,
  "certificate_seconds": 30.303095809998922,
  "closed_arc_count": 27,
  "closed_arc_maximum": 673,
  "closed_arc_minimum": 647,
  "closed_arcs": [
    647,
    648,
    649,
    650,
    651,
    652,
    653,
    654,
    655,
    656,
    657,
    658,
    659,
    660,
    661,
    662,
    663,
    664,
    665,
    666,
    667,
    668,
    669,
    670,
    671,
    672,
    673
  ],
  "component": 10,
  "factor_nnz": 3672782,
  "factor_seconds": 2.316234012017958,
  "inverse_sha256": "0998a24abe21d8355af7212bdc0b33c323b315bcd7d8f3e465714f0c48589e6b",
  "matrix_nnz": 1290892,
  "parent_arcs": [
    657,
    658,
    659,
    660,
    661,
    662,
    663
  ],
  "physical_dimension": 2048,
  "residual_center_frobenius_upper": 1.0556409713901258e-13,
  "residual_center_sha256": "2b2355d642a14126d7191bca8fe8a37d4ca6eb54d6ab4c332adc599eaa5f108c",
  "residual_frobenius_upper": 1.695079092196112e-09,
  "residual_radius_frobenius_upper": 1.694974291097467e-09,
  "residual_radius_sha256": "97b97d0dbc16426827774b5bdb5be1f0466d6925d2771911a1a317f66402cb73",
  "sigma": 0.01,
  "source_kind": "adaptive_gap_midpoint",
  "spectral_parameter_imag": -0.3608401213918446,
  "spectral_parameter_real": -0.14222846267392497,
  "status": "rigorous_direct_center_certificate",
  "turn_denominator": 131072,
  "turn_numerator": 16883
}
