{
  "approximate_inverse_frobenius_upper": 202.64686351156763,
  "border_rank": 12,
  "bordered_dimension": 4108,
  "center_id": "turn_00031445_of_00524288",
  "center_inverse_two_norm_upper": 202.6468639043696,
  "certificate_seconds": 31.347047735995147,
  "closed_arc_count": 25,
  "closed_arc_maximum": 73,
  "closed_arc_minimum": 49,
  "closed_arcs": [
    49,
    50,
    51,
    52,
    53,
    54,
    55,
    56,
    57,
    58,
    59,
    60,
    61,
    62,
    63,
    64,
    65,
    66,
    67,
    68,
    69,
    70,
    71,
    72,
    73
  ],
  "component": 1,
  "factor_nnz": 3672782,
  "factor_seconds": 2.312948730948847,
  "inverse_sha256": "2a0d761058ab87592938b3b53a107eabf64b8de5b219d08651dbf6eb575a69fc",
  "matrix_nnz": 1290892,
  "parent_arcs": [
    52,
    53,
    54,
    55,
    56,
    57,
    58,
    59,
    60,
    61,
    62,
    63,
    64,
    65,
    66,
    67,
    68
  ],
  "physical_dimension": 2048,
  "residual_center_frobenius_upper": 1.6939677816399707e-13,
  "residual_center_sha256": "a7888a4ffd11212bcba1adb7fdbc568e77cb69a5ec7aee5d75849e5ad2199e7a",
  "residual_frobenius_upper": 1.9383567804900206e-09,
  "residual_radius_frobenius_upper": 1.9382069961613823e-09,
  "residual_radius_sha256": "7b150bd2cb90fbce8fb4a068e86df1012ec3e9a05b3514a041b5ac7a8cfe07ce",
  "sigma": 0.01,
  "source_kind": "adaptive_gap_midpoint",
  "spectral_parameter_imag": -0.4542449283134449,
  "spectral_parameter_real": -0.07927104782742961,
  "status": "rigorous_direct_center_certificate",
  "turn_denominator": 524288,
  "turn_numerator": 31445
}
