{
  "approximate_inverse_frobenius_upper": 387.6964961873997,
  "border_rank": 12,
  "bordered_dimension": 4108,
  "center_id": "turn_00076221_of_01048576",
  "center_inverse_two_norm_upper": 387.69649772889,
  "certificate_seconds": 27.745839559996966,
  "closed_arc_count": 50,
  "closed_arc_maximum": 208,
  "closed_arc_minimum": 159,
  "closed_arcs": [
    159,
    160,
    161,
    162,
    163,
    164,
    165,
    166,
    167,
    168,
    169,
    170,
    171,
    172,
    173,
    174,
    175,
    176,
    177,
    178,
    179,
    180,
    181,
    182,
    183,
    184,
    185,
    186,
    187,
    188,
    189,
    190,
    191,
    192,
    193,
    194,
    195,
    196,
    197,
    198,
    199,
    200,
    201,
    202,
    203,
    204,
    205,
    206,
    207,
    208
  ],
  "component": 0,
  "factor_nnz": 3672782,
  "factor_seconds": 2.279827694990672,
  "inverse_sha256": "c6e113f515a604911112930873eca37f184e7e539c6b81fe34202204f4a78bab",
  "matrix_nnz": 1290892,
  "parent_arcs": [
    174,
    175,
    176,
    177,
    178,
    179,
    180,
    181,
    182,
    183,
    184,
    185,
    186,
    187,
    188,
    189,
    190,
    191,
    192,
    193
  ],
  "physical_dimension": 2048,
  "residual_center_frobenius_upper": 2.5082647142918886e-13,
  "residual_center_sha256": "275bb7c3fe2d0037e1cc52764240d7d2c24cd39000da1b755bf494333e10b940",
  "residual_frobenius_upper": 3.976023085878496e-09,
  "residual_radius_frobenius_upper": 3.97578262775032e-09,
  "residual_radius_sha256": "03694fd3d48f4405366cf92cf91f277d02ab6cfe1dcfd1c7f4708b7ad0cdd805",
  "sigma": 0.01,
  "source_kind": "adaptive_gap_midpoint",
  "spectral_parameter_imag": -0.43507641160393096,
  "spectral_parameter_real": -0.08775735576719221,
  "status": "rigorous_direct_center_certificate",
  "turn_denominator": 1048576,
  "turn_numerator": 76221
}
