{
  "approximate_inverse_frobenius_upper": 158.75911970871758,
  "border_rank": 12,
  "bordered_dimension": 4108,
  "center_id": "turn_00002495_of_00016384",
  "center_inverse_two_norm_upper": 158.75911994309843,
  "certificate_seconds": 30.126124818983953,
  "closed_arc_count": 14,
  "closed_arc_maximum": 744,
  "closed_arc_minimum": 731,
  "closed_arcs": [
    731,
    732,
    733,
    734,
    735,
    736,
    737,
    738,
    739,
    740,
    741,
    742,
    743,
    744
  ],
  "component": 12,
  "factor_nnz": 3672782,
  "factor_seconds": 2.3206959780072793,
  "inverse_sha256": "6cd73409d3d1793be3584b50f8545c95a46c23f68e642df3f5d771fedc50f9ec",
  "matrix_nnz": 1290892,
  "parent_arcs": [
    737,
    738
  ],
  "physical_dimension": 2048,
  "residual_center_frobenius_upper": 9.068257901267633e-14,
  "residual_center_sha256": "2dde59185d0e77a4fb4259856174da5405a76142195269f9da01c0fd6c5e73b3",
  "residual_frobenius_upper": 1.4763297077001262e-09,
  "residual_radius_frobenius_upper": 1.476240202119331e-09,
  "residual_radius_sha256": "6c30a68e2e450babcdebcd82d902c1f7f91abc8121c632dc5a45fb7609d62dad",
  "sigma": 0.01,
  "source_kind": "adaptive_gap_midpoint",
  "spectral_parameter_imag": -0.336284229053171,
  "spectral_parameter_real": -0.17211921161194696,
  "status": "rigorous_direct_center_certificate",
  "turn_denominator": 16384,
  "turn_numerator": 2495
}
