{
  "approximate_inverse_frobenius_upper": 190.99139637577534,
  "border_rank": 12,
  "bordered_dimension": 4108,
  "center_id": "turn_00063359_of_00524288",
  "center_inverse_two_norm_upper": 190.99139672674386,
  "certificate_seconds": 27.784617169993,
  "closed_arc_count": 25,
  "closed_arc_maximum": 639,
  "closed_arc_minimum": 615,
  "closed_arcs": [
    615,
    616,
    617,
    618,
    619,
    620,
    621,
    622,
    623,
    624,
    625,
    626,
    627,
    628,
    629,
    630,
    631,
    632,
    633,
    634,
    635,
    636,
    637,
    638,
    639
  ],
  "component": 9,
  "factor_nnz": 3672782,
  "factor_seconds": 2.2949148020124994,
  "inverse_sha256": "9af173ee59c35a0886563a7542acd6d117020e29e0ce77ca946035b28accc351",
  "matrix_nnz": 1290892,
  "parent_arcs": [
    624,
    625,
    626,
    627,
    628,
    629,
    630,
    631
  ],
  "physical_dimension": 2048,
  "residual_center_frobenius_upper": 1.168887577583375e-13,
  "residual_center_sha256": "aeab05edf633ff682de7f2b6e71444471083c9be01fb375b2338c25d2ad6b220",
  "residual_frobenius_upper": 1.8376141128869827e-09,
  "residual_radius_frobenius_upper": 1.837498938523988e-09,
  "residual_radius_sha256": "7d67ef0a63080b18b8673cefdbdef4bee7d4d9cea44af364c11fde03c71cc144",
  "sigma": 0.01,
  "source_kind": "adaptive_gap_midpoint",
  "spectral_parameter_imag": -0.3701318356890768,
  "spectral_parameter_real": -0.1329568816215212,
  "status": "rigorous_direct_center_certificate",
  "turn_denominator": 524288,
  "turn_numerator": 63359
}
