{
  "approximate_inverse_frobenius_upper": 392.8002668389764,
  "border_rank": 12,
  "bordered_dimension": 4108,
  "center_id": "turn_00095269_of_01048576",
  "center_inverse_two_norm_upper": 392.8002684315918,
  "certificate_seconds": 29.58269241603557,
  "closed_arc_count": 24,
  "closed_arc_maximum": 468,
  "closed_arc_minimum": 445,
  "closed_arcs": [
    445,
    446,
    447,
    448,
    449,
    450,
    451,
    452,
    453,
    454,
    455,
    456,
    457,
    458,
    459,
    460,
    461,
    462,
    463,
    464,
    465,
    466,
    467,
    468
  ],
  "component": 5,
  "factor_nnz": 3672782,
  "factor_seconds": 2.3077093289466575,
  "inverse_sha256": "6618497007845e5a4f2b4c1c23106a0e28acb3b3d43bae2ff93787e38129b693",
  "matrix_nnz": 1290892,
  "parent_arcs": [
    454,
    455,
    456,
    457,
    458,
    459
  ],
  "physical_dimension": 2048,
  "residual_center_frobenius_upper": 2.4814915324005825e-13,
  "residual_center_sha256": "67c11c60cca4091f38205c9964389b47387c68fad022f354369d451424d6fa29",
  "residual_frobenius_upper": 4.054516680642535e-09,
  "residual_radius_frobenius_upper": 4.054276568831741e-09,
  "residual_radius_sha256": "68baaff60b1b0adfc690778914adddb65f9adfa29b08e49398d21c9088b376dc",
  "sigma": 0.01,
  "source_kind": "adaptive_gap_midpoint",
  "spectral_parameter_imag": -0.4089979326223265,
  "spectral_parameter_real": -0.10247474509410409,
  "status": "rigorous_direct_center_certificate",
  "turn_denominator": 1048576,
  "turn_numerator": 95269
}
