{
  "approximate_inverse_frobenius_upper": 425.8177516875272,
  "border_rank": 12,
  "bordered_dimension": 4108,
  "center_id": "turn_00186941_of_02097152",
  "center_inverse_two_norm_upper": 425.8177535636145,
  "certificate_seconds": 27.898231532017235,
  "closed_arc_count": 23,
  "closed_arc_maximum": 453,
  "closed_arc_minimum": 431,
  "closed_arcs": [
    431,
    432,
    433,
    434,
    435,
    436,
    437,
    438,
    439,
    440,
    441,
    442,
    443,
    444,
    445,
    446,
    447,
    448,
    449,
    450,
    451,
    452,
    453
  ],
  "component": 5,
  "factor_nnz": 3672782,
  "factor_seconds": 2.308108152006753,
  "inverse_sha256": "9a9fe9eee903e236de5730558efb69f36d544b24c99063d28ac56f530838ae6d",
  "matrix_nnz": 1290892,
  "parent_arcs": [
    420,
    421,
    422,
    423,
    424,
    425,
    426,
    427,
    428,
    429,
    430,
    431,
    432,
    433,
    434,
    435,
    436,
    437,
    438,
    439,
    440,
    441,
    442,
    443,
    444,
    445,
    446,
    447,
    448,
    449,
    450,
    451,
    452,
    453,
    454,
    455,
    456,
    457,
    458,
    459
  ],
  "physical_dimension": 2048,
  "residual_center_frobenius_upper": 2.6362561929890154e-13,
  "residual_center_sha256": "080390426d88328bfb3e0b887f34d5b82de7352a600a68322175e0001c9855f5",
  "residual_frobenius_upper": 4.40584532275629e-09,
  "residual_radius_frobenius_upper": 4.405590233222137e-09,
  "residual_radius_sha256": "2e198cdb2b190f50bb83464910240f400571e82a0fd561ed5414ce6e27baf497",
  "sigma": 0.01,
  "source_kind": "adaptive_gap_midpoint",
  "spectral_parameter_imag": -0.41138645962652687,
  "spectral_parameter_real": -0.1009589817240655,
  "status": "rigorous_direct_center_certificate",
  "turn_denominator": 2097152,
  "turn_numerator": 186941
}
