{
  "approximate_inverse_frobenius_upper": 488.9679028793056,
  "border_rank": 12,
  "bordered_dimension": 4108,
  "center_id": "turn_00040189_of_00524288",
  "center_inverse_two_norm_upper": 488.96790535225244,
  "certificate_seconds": 27.14956676098518,
  "closed_arc_count": 40,
  "closed_arc_maximum": 268,
  "closed_arc_minimum": 229,
  "closed_arcs": [
    229,
    230,
    231,
    232,
    233,
    234,
    235,
    236,
    237,
    238,
    239,
    240,
    241,
    242,
    243,
    244,
    245,
    246,
    247,
    248,
    249,
    250,
    251,
    252,
    253,
    254,
    255,
    256,
    257,
    258,
    259,
    260,
    261,
    262,
    263,
    264,
    265,
    266,
    267,
    268
  ],
  "component": 1,
  "factor_nnz": 3672782,
  "factor_seconds": 2.2564621880301274,
  "inverse_sha256": "0ca03ecce9005afe5f185c148af350cfe0742901d5710d663055f7a39d3a8da2",
  "matrix_nnz": 1290892,
  "parent_arcs": [
    239,
    240,
    241,
    242,
    243,
    244,
    245,
    246,
    247,
    248,
    249,
    250,
    251,
    252,
    253,
    254,
    255,
    256,
    257,
    258
  ],
  "physical_dimension": 2048,
  "residual_center_frobenius_upper": 3.0644508428246196e-13,
  "residual_center_sha256": "fbc97a62f02e39f8d349bd0acc50d9e86f22f300f82c7cca413eae0a56242d9d",
  "residual_frobenius_upper": 5.057482811859025e-09,
  "residual_radius_frobenius_upper": 5.0571844866626865e-09,
  "residual_radius_sha256": "bc8cb0b767bb53f4fb3e1b8aa0a73a57b725ccda7451e66d930d929958024511",
  "sigma": 0.01,
  "source_kind": "adaptive_gap_midpoint",
  "spectral_parameter_imag": -0.4292444928684893,
  "spectral_parameter_real": -0.09071375365628981,
  "status": "rigorous_direct_center_certificate",
  "turn_denominator": 524288,
  "turn_numerator": 40189
}
