{
  "approximate_inverse_frobenius_upper": 164.032082782503,
  "border_rank": 12,
  "bordered_dimension": 4108,
  "center_id": "turn_00037759_of_00262144",
  "center_inverse_two_norm_upper": 164.03208303433158,
  "certificate_seconds": 31.08032385702245,
  "closed_arc_count": 20,
  "closed_arc_maximum": 727,
  "closed_arc_minimum": 708,
  "closed_arcs": [
    708,
    709,
    710,
    711,
    712,
    713,
    714,
    715,
    716,
    717,
    718,
    719,
    720,
    721,
    722,
    723,
    724,
    725,
    726,
    727
  ],
  "component": 11,
  "factor_nnz": 3672782,
  "factor_seconds": 2.315638731990475,
  "inverse_sha256": "42027cad831efe98421fc3a4f867a94958192a3f7209051644dce001253b9ef3",
  "matrix_nnz": 1290892,
  "parent_arcs": [
    720,
    721
  ],
  "physical_dimension": 2048,
  "residual_center_frobenius_upper": 9.279158706659771e-14,
  "residual_center_sha256": "0d429c2dd61bbd0ed0b57279a75249dd72f6c7aca857640ae850e8fca5e7ad9b",
  "residual_frobenius_upper": 1.5352394057900025e-09,
  "residual_radius_frobenius_upper": 1.5351476479681765e-09,
  "residual_radius_sha256": "4225b4ae629824800646166a6751bf02902bac68159c4e44932d24f300a17814",
  "sigma": 0.01,
  "source_kind": "adaptive_gap_midpoint",
  "spectral_parameter_imag": -0.34440161574537154,
  "spectral_parameter_real": -0.16121384005601105,
  "status": "rigorous_direct_center_certificate",
  "turn_denominator": 262144,
  "turn_numerator": 37759
}
