{
  "approximate_inverse_frobenius_upper": 532.0019046006421,
  "border_rank": 12,
  "bordered_dimension": 4108,
  "center_id": "turn_00176047_of_02097152",
  "center_inverse_two_norm_upper": 532.0019075402706,
  "certificate_seconds": 29.366189591994043,
  "closed_arc_count": 37,
  "closed_arc_maximum": 386,
  "closed_arc_minimum": 350,
  "closed_arcs": [
    350,
    351,
    352,
    353,
    354,
    355,
    356,
    357,
    358,
    359,
    360,
    361,
    362,
    363,
    364,
    365,
    366,
    367,
    368,
    369,
    370,
    371,
    372,
    373,
    374,
    375,
    376,
    377,
    378,
    379,
    380,
    381,
    382,
    383,
    384,
    385,
    386
  ],
  "component": 3,
  "factor_nnz": 3672782,
  "factor_seconds": 2.3095554909668863,
  "inverse_sha256": "c84763ab95437281013544258cbb85d7ef96409abe854a13adf45160a1895099",
  "matrix_nnz": 1290892,
  "parent_arcs": [
    356,
    357,
    358,
    359,
    360,
    361,
    362,
    363,
    364,
    365,
    366,
    367,
    368,
    369,
    370,
    371,
    372,
    373,
    374,
    375,
    376,
    377,
    378,
    379,
    380
  ],
  "physical_dimension": 2048,
  "residual_center_frobenius_upper": 3.231695385570984e-13,
  "residual_center_sha256": "b217ae9ef21812414c37e330c9c2ee1caa78154c2585fdd6850fbade3d6e169a",
  "residual_frobenius_upper": 5.5255974663569466e-09,
  "residual_radius_frobenius_upper": 5.5252804931902264e-09,
  "residual_radius_sha256": "bf73ee83864b822c2065d3bd037d3df12bfa9732e6289530cfed881deba9934e",
  "sigma": 0.01,
  "source_kind": "adaptive_gap_midpoint",
  "spectral_parameter_imag": -0.41871808831667423,
  "spectral_parameter_real": -0.09652656696143586,
  "status": "rigorous_direct_center_certificate",
  "turn_denominator": 2097152,
  "turn_numerator": 176047
}
