{
  "approximate_inverse_frobenius_upper": 284.9203662089103,
  "border_rank": 12,
  "bordered_dimension": 4108,
  "center_id": "turn_00103935_of_01048576",
  "center_inverse_two_norm_upper": 284.92036703247624,
  "certificate_seconds": 29.219442575005814,
  "closed_arc_count": 34,
  "closed_arc_maximum": 541,
  "closed_arc_minimum": 508,
  "closed_arcs": [
    508,
    509,
    510,
    511,
    512,
    513,
    514,
    515,
    516,
    517,
    518,
    519,
    520,
    521,
    522,
    523,
    524,
    525,
    526,
    527,
    528,
    529,
    530,
    531,
    532,
    533,
    534,
    535,
    536,
    537,
    538,
    539,
    540,
    541
  ],
  "component": 7,
  "factor_nnz": 3672782,
  "factor_seconds": 2.3128130009863526,
  "inverse_sha256": "8256192516bb92ec2f603b74a31e43029e146e1bd3b0c0b92ed4662c64ac326a",
  "matrix_nnz": 1290892,
  "parent_arcs": [
    523,
    524,
    525,
    526
  ],
  "physical_dimension": 2048,
  "residual_center_frobenius_upper": 1.907398881665724e-13,
  "residual_center_sha256": "5e213a59bafb8901a3c6b8df62747a8de46d68c665451748ae9751f058c9a15f",
  "residual_frobenius_upper": 2.890512423319973e-09,
  "residual_radius_frobenius_upper": 2.890331572730703e-09,
  "residual_radius_sha256": "ac94bcd66b442e925e2eb6cdf8b00be2e928b019810b2fb8854c4a09b8fbd6ab",
  "sigma": 0.01,
  "source_kind": "adaptive_gap_midpoint",
  "spectral_parameter_imag": -0.397724727378145,
  "spectral_parameter_real": -0.11013475144739893,
  "status": "rigorous_direct_center_certificate",
  "turn_denominator": 1048576,
  "turn_numerator": 103935
}
