{
  "approximate_inverse_frobenius_upper": 210.723543767743,
  "border_rank": 12,
  "bordered_dimension": 4108,
  "center_id": "turn_00059173_of_00524288",
  "center_inverse_two_norm_upper": 210.72354420245495,
  "certificate_seconds": 27.72383011894999,
  "closed_arc_count": 23,
  "closed_arc_maximum": 606,
  "closed_arc_minimum": 584,
  "closed_arcs": [
    584,
    585,
    586,
    587,
    588,
    589,
    590,
    591,
    592,
    593,
    594,
    595,
    596,
    597,
    598,
    599,
    600,
    601,
    602,
    603,
    604,
    605,
    606
  ],
  "component": 8,
  "factor_nnz": 3672782,
  "factor_seconds": 2.301579227030743,
  "inverse_sha256": "d196bd59a4de11f62e9259d12da1ea26967640defa5e300cae75571ff2487ffe",
  "matrix_nnz": 1290892,
  "parent_arcs": [
    590,
    591,
    592,
    593,
    594,
    595,
    596,
    597,
    598,
    599,
    600
  ],
  "physical_dimension": 2048,
  "residual_center_frobenius_upper": 1.5687447274700498e-13,
  "residual_center_sha256": "f54c129b6de4f72ef3a8ea04a2dc69842421b641e236f82c3408896176898c00",
  "residual_frobenius_upper": 2.0629489739883526e-09,
  "residual_radius_frobenius_upper": 2.062802348345239e-09,
  "residual_radius_sha256": "551b7fbfb51f788fe5f09a9751d21bff998359579b5015fdeeccc7f8fd5c9653",
  "sigma": 0.01,
  "source_kind": "adaptive_gap_midpoint",
  "spectral_parameter_imag": -0.3799064478565424,
  "spectral_parameter_real": -0.12413474569807714,
  "status": "rigorous_direct_center_certificate",
  "turn_denominator": 524288,
  "turn_numerator": 59173
}
