{
  "approximate_inverse_frobenius_upper": 332.4919717235874,
  "border_rank": 12,
  "bordered_dimension": 4108,
  "center_id": "turn_00099337_of_01048576",
  "center_inverse_two_norm_upper": 332.491972856595,
  "certificate_seconds": 30.01524984400021,
  "closed_arc_count": 29,
  "closed_arc_maximum": 503,
  "closed_arc_minimum": 475,
  "closed_arcs": [
    475,
    476,
    477,
    478,
    479,
    480,
    481,
    482,
    483,
    484,
    485,
    486,
    487,
    488,
    489,
    490,
    491,
    492,
    493,
    494,
    495,
    496,
    497,
    498,
    499,
    500,
    501,
    502,
    503
  ],
  "component": 6,
  "factor_nnz": 3672782,
  "factor_seconds": 2.3133618839783594,
  "inverse_sha256": "db5f8575d793e3b109b713390b9c6bb4fc438fdb648c399ba435610669f8dd47",
  "matrix_nnz": 1290892,
  "parent_arcs": [
    487,
    488,
    489,
    490
  ],
  "physical_dimension": 2048,
  "residual_center_frobenius_upper": 2.1385441486808066e-13,
  "residual_center_sha256": "1d711ba49dcc4bbf8b90e285c761d43a18fe41ce732600869790b19ea70f1187",
  "residual_frobenius_upper": 3.407623557949439e-09,
  "residual_radius_frobenius_upper": 3.407419982679424e-09,
  "residual_radius_sha256": "c6d6c88a20b1d5a6eb673e6a2f49f5f65291857cbc11225ed2b81d66e6b06ba3",
  "sigma": 0.01,
  "source_kind": "adaptive_gap_midpoint",
  "spectral_parameter_imag": -0.4036565574752806,
  "spectral_parameter_real": -0.10599758034634765,
  "status": "rigorous_direct_center_certificate",
  "turn_denominator": 1048576,
  "turn_numerator": 99337
}
