{
  "approximate_inverse_frobenius_upper": 242.96729602006945,
  "border_rank": 12,
  "bordered_dimension": 4108,
  "center_id": "turn_00055109_of_00524288",
  "center_inverse_two_norm_upper": 242.96729660965272,
  "certificate_seconds": 30.877122699981555,
  "closed_arc_count": 19,
  "closed_arc_maximum": 572,
  "closed_arc_minimum": 554,
  "closed_arcs": [
    554,
    555,
    556,
    557,
    558,
    559,
    560,
    561,
    562,
    563,
    564,
    565,
    566,
    567,
    568,
    569,
    570,
    571,
    572
  ],
  "component": 7,
  "factor_nnz": 3672782,
  "factor_seconds": 2.3209782839985564,
  "inverse_sha256": "5ac1609b7ccf8f9a17e08dc2db7025d535246eac447bc86cc4ab73a1d4e7a9be",
  "matrix_nnz": 1290892,
  "parent_arcs": [
    558,
    559,
    560,
    561,
    562,
    563,
    564,
    565,
    566,
    567,
    568
  ],
  "physical_dimension": 2048,
  "residual_center_frobenius_upper": 1.7022828954069412e-13,
  "residual_center_sha256": "7af573f2980bbca46acd62b2eaacf63bcf11baaea33e3792383b4120f66fbb15",
  "residual_frobenius_upper": 2.4265949466388193e-09,
  "residual_radius_frobenius_upper": 2.4264351165480123e-09,
  "residual_radius_sha256": "cbbc00848d374acacb5a419a29cfd5c846f028ceafcee9967101cc0d9071b205",
  "sigma": 0.01,
  "source_kind": "adaptive_gap_midpoint",
  "spectral_parameter_imag": -0.38980788620836015,
  "spectral_parameter_real": -0.11604907692453145,
  "status": "rigorous_direct_center_certificate",
  "turn_denominator": 524288,
  "turn_numerator": 55109
}
