{
  "approximate_inverse_frobenius_upper": 131.9240016599117,
  "border_rank": 12,
  "bordered_dimension": 4108,
  "center_id": "turn_00005731_of_00131072",
  "center_inverse_two_norm_upper": 131.92400180143107,
  "certificate_seconds": 30.61222358001396,
  "closed_arc_count": 9,
  "closed_arc_maximum": 26,
  "closed_arc_minimum": 18,
  "closed_arcs": [
    18,
    19,
    20,
    21,
    22,
    23,
    24,
    25,
    26
  ],
  "component": 0,
  "factor_nnz": 3672782,
  "factor_seconds": 2.310466371010989,
  "inverse_sha256": "def09137d48efb509896da238c2456f1c4fee12b325d6249072f686d908791c7",
  "matrix_nnz": 1290892,
  "parent_arcs": [
    21
  ],
  "physical_dimension": 2048,
  "residual_center_frobenius_upper": 1.5088228470373643e-13,
  "residual_center_sha256": "7fee988d265fdcaecf1142827d4e5b3a7b3dc4afb2e79bc58e1e9ccba9f5803b",
  "residual_frobenius_upper": 1.0727336671151016e-09,
  "residual_radius_frobenius_upper": 1.0726051491847448e-09,
  "residual_radius_sha256": "b7701ba6e5c8ec96c3bdcfba60d32e0d5711dc55c70cb7c5f2774c1c0fb38b36",
  "sigma": 0.01,
  "source_kind": "adaptive_gap_midpoint",
  "spectral_parameter_imag": -0.47962964426701604,
  "spectral_parameter_real": -0.07069552490164754,
  "status": "rigorous_direct_center_certificate",
  "turn_denominator": 131072,
  "turn_numerator": 5731
}
