{
  "approximate_inverse_frobenius_upper": 553.2273899484782,
  "border_rank": 12,
  "bordered_dimension": 4108,
  "center_id": "turn_00172207_of_02097152",
  "center_inverse_two_norm_upper": 553.2273931275126,
  "certificate_seconds": 27.988565562001895,
  "closed_arc_count": 35,
  "closed_arc_maximum": 355,
  "closed_arc_minimum": 321,
  "closed_arcs": [
    321,
    322,
    323,
    324,
    325,
    326,
    327,
    328,
    329,
    330,
    331,
    332,
    333,
    334,
    335,
    336,
    337,
    338,
    339,
    340,
    341,
    342,
    343,
    344,
    345,
    346,
    347,
    348,
    349,
    350,
    351,
    352,
    353,
    354,
    355
  ],
  "component": 4,
  "factor_nnz": 3672782,
  "factor_seconds": 2.2923842730233446,
  "inverse_sha256": "41260cd0a820395513a4410d6ecd25cd3bfe4e61c3290a0bb78c64340af4f7a4",
  "matrix_nnz": 1290892,
  "parent_arcs": [
    296,
    297,
    298,
    299,
    300,
    301,
    302,
    303,
    304,
    305,
    306,
    307,
    308,
    309,
    310,
    311,
    312,
    313,
    314,
    315,
    316,
    317,
    318,
    319,
    320,
    321,
    322,
    323,
    324,
    325,
    326,
    327,
    328,
    329,
    330,
    331,
    332,
    333,
    334,
    335,
    336,
    337,
    338,
    339,
    340,
    341,
    342,
    343,
    344,
    345,
    346,
    347,
    348,
    349,
    350,
    351,
    352,
    353,
    354,
    355,
    356,
    357,
    358,
    359,
    360,
    361,
    362,
    363,
    364,
    365,
    366,
    367,
    368,
    369,
    370,
    371,
    372,
    373,
    374,
    375,
    376,
    377,
    378,
    379,
    380
  ],
  "physical_dimension": 2048,
  "residual_center_frobenius_upper": 3.255991088083008e-13,
  "residual_center_sha256": "677d1eaf0f16fb56307e543d63f218be0c5c21846c9670ec340c938c7ca2cdb6",
  "residual_frobenius_upper": 5.7463429732708306e-09,
  "residual_radius_frobenius_upper": 5.746024065062212e-09,
  "residual_radius_sha256": "37e2e02a1a6639d9fea94b910100576ba5a46c1cf0d2db08a274bb01c9e25916",
  "sigma": 0.01,
  "source_kind": "adaptive_gap_midpoint",
  "spectral_parameter_imag": -0.4213363506540142,
  "spectral_parameter_real": -0.09502155381831537,
  "status": "rigorous_direct_center_certificate",
  "turn_denominator": 2097152,
  "turn_numerator": 172207
}
