{
  "parameters": {
    "dimensions": [
      64,
      96,
      128,
      192,
      256,
      384,
      512,
      768,
      1024,
      1536,
      2048
    ],
    "total_transitions": 100000000,
    "repetitions": 500,
    "sigma": 0.05,
    "u": 1.5437,
    "source": 0.8,
    "p": 2.0,
    "seed": 20260713
  },
  "fitted_dimension_slopes": {
    "mean_l1_error": 1.004603278734781,
    "observable_rms_error": 0.4827020979692624
  }
}