{
  "approximate_inverse_infinity_upper": 10.263377331096823,
  "border_scale": 16.0,
  "bordered_inverse_infinity_upper": 10.2633773315677,
  "center": -0.9865481927458079,
  "center_effective_scalar_abs_upper": 4.708754731149153e-10,
  "center_left_channel_one_upper": 4.0171849139952736,
  "center_reduced_inverse_infinity_upper": 9.990523884439735,
  "center_right_channel_infinity_upper": 0.27303203492485784,
  "certificate_seconds": 49.75074766401667,
  "contour_ledger": {
    "affine_scalar_boundary_lower": 0.04999999999999987,
    "bordered_disk_invertible": true,
    "center_reduced_inverse_upper": 9.990523884439735,
    "center_transport_product_upper": 0.4995261942219869,
    "contour_left_channel_upper": 4.017184913572029,
    "contour_reduced_inverse_upper": 19.962131422460644,
    "contour_resolvent_upper": 41.89853481734383,
    "contour_right_channel_upper": 0.27303203445561275,
    "effective_scalar_boundary_lower": 0.04999999999967214,
    "radius": 0.05,
    "rouche_count_one": true,
    "scalar_error_upper": 3.277264606378967e-13
  },
  "critical_u_binary64": 1.5436890126920764,
  "dimension": 4096,
  "evidence_level": "rigorous_exact_stored_binary64_grushin_certificate",
  "factor_nnz": 5835188,
  "factor_seconds": 4.3104419790324755,
  "hashes": {
    "inverse_chunks": "00bd185001a40ffc9f1aa3cb5c686b84b0bae04613a86b2120d52999f14dd133",
    "residual_centers": "75bcee0910d65bcdf208e22124a0cf9e9b728522c695a7ab0e8d3ccd88aeceb3",
    "residual_radii": "ba9a56a5f63743b586e0944c2cb68b2a4945832ce0fb3271e8e31b5710137d80",
    "snapshot": "a1e2a6a3a32a6f7e68ec17b294bdb41d404c0dbeca1f5cb89aefe48ab4390d81",
    "source": "2f964a0d8ff37df3533d0f0dd32ddb75e202edc1f5280db024bcc5dcbb59080c"
  },
  "inverse_correction_infinity_upper": 4.708737943853237e-10,
  "left_mode_one_upper": 64.27495861639048,
  "left_residual_one_upper": 3.817629187162489e-11,
  "left_right_gram_ball": "[1.00000000000000227739760935026532344662256516737320479457676473817 +/- 1.85e-66]",
  "left_right_gram_lower": 1.000000000000002,
  "left_right_gram_upper": 1.0000000000000024,
  "limitations": [
    "This certificate proves one eigenvalue only for the exact stored binary64 4096 matrix.",
    "The continuum transfer is a separate Galerkin and kernel-approximation theorem."
  ],
  "radius": 0.05,
  "residual_infinity_upper": 4.587902979431811e-11,
  "right_mode_infinity_upper": 0.017064502153374028,
  "right_residual_infinity_upper": 5.098820251133382e-15,
  "sigma": 0.01,
  "status": "rigorous_exact_stored_parity_circle_count_one"
}
