{
  "contour_radius": 0.05,
  "dependencies": {
    "rh36_snapshot": {
      "path": "papers/RH-36-nested-grid-physical-count/results/nested_grid_snapshot_sigma_1e-02.npz",
      "sha256": "a1e2a6a3a32a6f7e68ec17b294bdb41d404c0dbeca1f5cb89aefe48ab4390d81"
    },
    "rh37_snapshot": {
      "path": "papers/RH-37-iterated-dyadic-physical-count/results/second_dyadic_fine_object_sigma_1e-02.npz",
      "sha256": "886c6985e3937b374e9f7ab40bef31d34351ad2f794d546b50011c100848544a"
    },
    "rh43_multilevel_grushin_engine": {
      "path": "papers/RH-43-validated-weighted-riesz-parity-kernel/experiments/run_multilevel_euclidean_grushin.py",
      "sha256": "993c6d9bc892a4c9891b41e99a3f6ad6f74ab0ce651fa912702f88f803f2cdb9"
    }
  },
  "evidence_level": "componentwise_outward_binary64_bordered_inverse_certificates",
  "levels": {
    "2048": {
      "approximate_center_reduced_infinity_upper": 9.614294646904538,
      "approximate_center_reduced_one_upper": 19.395835502018784,
      "approximate_center_reduced_two_upper": 13.655668326350794,
      "approximate_inverse_infinity_upper": 9.967848037497815,
      "approximate_inverse_one_upper": 724.0773439353558,
      "approximate_inverse_two_upper": 84.95582929818688,
      "border_scale": 16.0,
      "bordered_inverse_two_upper": 84.95582930184489,
      "center": 1.0000000000000024,
      "center_reduced_inverse_two_upper": 13.655668330008774,
      "certificate_seconds": 9.347943442990072,
      "contour_ledger": {
        "affine_scalar_boundary_lower": 0.05000000000000004,
        "bordered_disk_invertible": true,
        "center_reduced_inverse_upper": 13.655668330008774,
        "center_transport_product_upper": 0.6827834165004389,
        "contour_left_channel_upper": 0.06912040245414994,
        "contour_reduced_inverse_upper": 43.04840616892804,
        "contour_resolvent_upper": 65.16693495448261,
        "contour_right_channel_upper": 16.000000000108283,
        "effective_scalar_boundary_lower": 0.04999999999982624,
        "radius": 0.05,
        "rouche_count_one": true,
        "scalar_error_upper": 1.7379322797783155e-13
      },
      "critical_u_binary64": 1.5436890126920764,
      "dimension": 2048,
      "factor_nnz": 1298065,
      "factor_seconds": 0.5418798730242997,
      "hashes": {
        "inverse_chunks": "4100d5c87dd4a9441da4134dc4d42ab10861a62278bfc6bf8467a7d2b126a119",
        "residual_centers": "c17ba36f2842e1b86fccdb0a8a6df4e60e0bcf63281e1dbb7a6082c03fd07ced",
        "residual_radii": "cdaa3a5f59f4689c0d4934a9126aba3753aaf8fbe166f597b3068615d1250323",
        "snapshot": "a1e2a6a3a32a6f7e68ec17b294bdb41d404c0dbeca1f5cb89aefe48ab4390d81"
      },
      "inverse_correction_two_upper": 3.6579783052395495e-09,
      "left_mode_two_ball": "[1.10592643924044554854851234716001555492633487174831667655103503179 +/- 4.71e-66]",
      "left_mode_two_upper": 1.1059264392404458,
      "left_residual_two_upper": 6.028490295501646e-13,
      "left_right_gram_ball": "[0.999999999999998983945459492819531460492710330966959684294469714911 +/- 3.22e-67]",
      "left_right_gram_lower": 0.9999999999999989,
      "left_right_gram_upper": 0.9999999999999991,
      "radius": 0.05,
      "residual_infinity_upper": 1.661108450797587e-11,
      "residual_one_upper": 1.116086605082826e-10,
      "residual_two_upper": 4.305741389731938e-11,
      "right_mode_two_ball": "[1.00000000000000004574200868053986409272686429170134591155485871947 +/- 1.71e-66]",
      "right_mode_two_upper": 1.0000000000000002,
      "right_residual_two_upper": 1.5714718611222874e-13,
      "sigma": 0.01,
      "snapshot_prefix": "coarse",
      "status": "rigorous_exact_stored_euclidean_perron_circle_count_one"
    },
    "4096": {
      "approximate_center_reduced_infinity_upper": 9.616176771884883,
      "approximate_center_reduced_one_upper": 19.409809094653237,
      "approximate_center_reduced_two_upper": 13.661923560125949,
      "approximate_inverse_infinity_upper": 9.866176771884884,
      "approximate_inverse_one_upper": 1024.0000000009338,
      "approximate_inverse_two_upper": 100.51350662681777,
      "border_scale": 16.0,
      "bordered_inverse_two_upper": 100.51350663880136,
      "center": 1.0000000000000004,
      "center_reduced_inverse_two_upper": 13.661923572109519,
      "certificate_seconds": 55.410458719939925,
      "contour_ledger": {
        "affine_scalar_boundary_lower": 0.049999999999999975,
        "bordered_disk_invertible": true,
        "center_reduced_inverse_upper": 13.661923572109519,
        "center_transport_product_upper": 0.6830961786054762,
        "contour_left_channel_upper": 0.06912026535736641,
        "contour_reduced_inverse_upper": 43.11063057551886,
        "contour_resolvent_upper": 65.22911549031349,
        "contour_right_channel_upper": 16.00000000020909,
        "effective_scalar_boundary_lower": 0.04999999999966478,
        "radius": 0.05,
        "rouche_count_one": true,
        "scalar_error_upper": 3.3518879219910417e-13
      },
      "critical_u_binary64": 1.5436890126920764,
      "dimension": 4096,
      "factor_nnz": 5835188,
      "factor_seconds": 4.304218924953602,
      "hashes": {
        "inverse_chunks": "e7c8180571854f6eeb3accab3c182a4d35369fda81aa8e80dc4d16cd67d91919",
        "residual_centers": "37a7691dddcf529f54eacb1e6865697f6859a3ed6dc50d211f5fb7c39f484945",
        "residual_radii": "b2593128351439ec977dd660d7aea518c49757fe987a048c39ee5404ebdaa5f3",
        "snapshot": "a1e2a6a3a32a6f7e68ec17b294bdb41d404c0dbeca1f5cb89aefe48ab4390d81"
      },
      "inverse_correction_two_upper": 1.1983567501725698e-08,
      "left_mode_two_ball": "[1.10592424566691352816960688827958465723758915070546558947590145697 +/- 2.96e-66]",
      "left_mode_two_upper": 1.1059242456669138,
      "left_residual_two_upper": 1.181805035917176e-12,
      "left_right_gram_ball": "[1.00000000000000018531496547966484059221909421392222367777892647115 +/- 2.52e-66]",
      "left_right_gram_lower": 1.0,
      "left_right_gram_upper": 1.0000000000000004,
      "radius": 0.05,
      "residual_infinity_upper": 4.618708152175754e-11,
      "residual_one_upper": 3.077534166123632e-10,
      "residual_two_upper": 1.1922345466255641e-10,
      "right_mode_two_ball": "[1.00000000000000047119426416220197649205916210568244642927733290427 +/- 7.86e-68]",
      "right_mode_two_upper": 1.0000000000000007,
      "right_residual_two_upper": 3.0308476687888386e-13,
      "sigma": 0.01,
      "snapshot_prefix": "fine",
      "status": "rigorous_exact_stored_euclidean_perron_circle_count_one"
    },
    "8192": {
      "approximate_center_reduced_infinity_upper": 9.616610259124416,
      "approximate_center_reduced_one_upper": 19.416588638729518,
      "approximate_center_reduced_two_upper": 13.664617283349173,
      "approximate_inverse_infinity_upper": 9.793386954421054,
      "approximate_inverse_one_upper": 1448.1546878726867,
      "approximate_inverse_two_upper": 119.08962687067279,
      "border_scale": 16.0,
      "bordered_inverse_two_upper": 119.08962691034088,
      "center": 1.0000000000000013,
      "center_reduced_inverse_two_upper": 13.664617323017243,
      "certificate_seconds": 336.65681818604935,
      "contour_ledger": {
        "affine_scalar_boundary_lower": 0.05,
        "bordered_disk_invertible": true,
        "center_reduced_inverse_upper": 13.664617323017243,
        "center_transport_product_upper": 0.6832308661508624,
        "contour_left_channel_upper": 0.06912023111549652,
        "contour_reduced_inverse_upper": 43.13746467963975,
        "contour_resolvent_upper": 65.25593863745598,
        "contour_right_channel_upper": 16.000000000409965,
        "effective_scalar_boundary_lower": 0.049999999999343146,
        "radius": 0.05,
        "rouche_count_one": true,
        "scalar_error_upper": 6.568502240126872e-13
      },
      "critical_u_binary64": 1.5436890126920764,
      "dimension": 8192,
      "factor_nnz": 21108312,