{
  "audit_summary": {
    "alignment_failure_count": 0,
    "continuation_anchor_failure_count": 0,
    "maximum_capacity": 0.38763640177569464,
    "maximum_concentration": 2.33011598857783,
    "maximum_fit_residual_factor": 141.94184914020119,
    "maximum_leave_one_out_exponent_span": 4.478217157444362,
    "maximum_observed_certifying_depth": 6,
    "minimum_capacity": 1.0736537153236515e-11,
    "minimum_concentration": 1.0,
    "physical_record_count": 120,
    "scale_count": 5
  },
  "continuation_barrier": {
    "all_anchor_errors_below_tolerance": true,
    "anchor_count": 5,
    "anchor_metric": "median three-mode capacity",
    "examples": {
      "interior_limit": {
        "maximum_relative_anchor_error": 1.6653345369377348e-15,
        "probe_value": 0.5
      },
      "unit_limit": {
        "maximum_relative_anchor_error": 1.6653345369377348e-15,
        "probe_value": 0.999999
      },
      "vanishing": {
        "maximum_relative_anchor_error": 1.6653345369377348e-15,
        "probe_value": 1.0000000000000008e-06
      }
    },
    "preserved_range": [
      0.0,
      1.0
    ],
    "probe_scale": 1.0000000000000002e-06
  },
  "descriptive_power_law_fits": {
    "capacity_median": {
      "coefficient": 1.9582185019775166e-10,
      "exponent": -4.496193277191101,
      "leave_one_out_exponent_maximum": -2.6207917006020782,
      "leave_one_out_exponent_minimum": -5.836010581554796,
      "leave_one_out_exponents": [
        -5.836010581554796,
        -4.264092629569182,
        -4.4961932771910975,
        -5.034342080370332,
        -2.6207917006020782
      ],
      "maximum_multiplicative_residual": 13.614212441211954,
      "r_squared": 0.8377307355389116
    },
    "capacity_minimum": {
      "coefficient": 6.104033609747071e-14,
      "exponent": -5.114162710860588,
      "leave_one_out_exponent_maximum": -2.0828824094646134,
      "leave_one_out_exponent_minimum": -6.561099566908975,
      "leave_one_out_exponents": [
        -6.561099566908975,
        -4.998193794489692,
        -5.114162710860581,
        -6.135470738858649,
        -2.0828824094646134
      ],
      "maximum_multiplicative_residual": 141.94184914020119,
      "r_squared": 0.7276579630342483
    },
    "concentration_median": {
      "coefficient": 0.9583335752030498,
      "exponent": -0.017913664708618084,
      "leave_one_out_exponent_maximum": -0.0008942610644519096,
      "leave_one_out_exponent_minimum": -0.024933178322133653,
      "leave_one_out_exponents": [
        -0.0008942610644519096,
        -0.02357031637793176,
        -0.017913664708618084,
        -0.01797123591396189,
        -0.024933178322133653
      ],
      "maximum_multiplicative_residual": 1.0278263629106097,
      "r_squared": 0.5166040270186338
    },
    "fourth_mode_ratio_median": {
      "coefficient": 1.2444201757688275e-11,
      "exponent": -5.1091557417816675,
      "leave_one_out_exponent_maximum": -3.32040347667942,
      "leave_one_out_exponent_minimum": -6.573108164019454,
      "leave_one_out_exponents": [
        -6.573108164019454,
        -4.837821327879636,
        -5.109155741781663,
        -5.566090065891943,
        -3.32040347667942
      ],
      "maximum_multiplicative_residual": 11.938126409825898,
      "r_squared": 0.8752940422277744
    }
  },
  "limitations": [
    "The five scale records are correlated outputs of one finite model family and do not support inferential asymptotics.",
    "The continuation examples are impossibility witnesses, not proposed physical models.",
    "No uniform Stage A, Hilbert--Polya, zero identification, or Riemann Hypothesis result is claimed."
  ],
  "primary_threshold": 1e-08,
  "route_consequence": "Capacity, exterior concentration, fourth-volume, fourth-mode ratio, and certifying depth now have a common five-scale envelope ledger. Power-law fits are archived as descriptive diagnostics only. A positive smooth-extension theorem proves that any finite anchor set is compatible with arbitrary positive behavior near zero, so all-level closure requires an independent physical inequality rather than extrapolation.",
  "rows": [
    {
      "alignment_holds": true,
      "capacity": {
        "lower_quartile": 1.0484267723957588e-08,
        "maximum": 0.0018502792705815832,
        "median": 5.5104526648249234e-08,
        "minimum": 1.0736537153236515e-11,
        "upper_quartile": 2.6743489706579017e-05
      },
      "certifying_depth": {
        "lower_quartile": 2.0,
        "maximum": 3.0,
        "median": 2.5,
        "minimum": 2.0,
        "upper_quartile": 3.0
      },
      "concentration": {
        "lower_quartile": 1.0,
        "maximum": 1.0,
        "median": 1.0,
        "minimum": 1.0,
        "upper_quartile": 1.0
      },
      "fourth_mode_ratio": {
        "lower_quartile": 2.6479543178754466e-10,
        "maximum": 1.212879877923376e-05,
        "median": 1.2142436217741688e-08,
        "minimum": 1.0289650676935433e-10,
        "upper_quartile": 1.463363549646936e-07
      },
      "maximum_certifying_depth": 3,
      "normalized_four_volume": {
        "lower_quartile": 7.439029980798376e-18,
        "maximum": 2.2441664958271434e-08,
        "median": 1.705864191987494e-16,
        "minimum": 1.1103576848039028e-21,
        "upper_quartile": 4.504427746984465e-12
      },
      "positive_ratio_count": 8,
      "record_count": 8,
      "sigma": 0.16,
      "support_count": 4
    },
    {
      "alignment_holds": true,
      "capacity": {
        "lower_quartile": 4.608525687087837e-05,
        "maximum": 0.01867096889664366,
        "median": 0.00022791509983068812,
        "minimum": 3.527797601477203e-06,
        "upper_quartile": 0.0021011617364372417
      },
      "certifying_depth": {
        "lower_quartile": 2.0,
        "maximum": 5.0,
        "median": 3.0,
        "minimum": 1.0,
        "upper_quartile": 4.5
      },
      "concentration": {
        "lower_quartile": 1.0005489105037275,
        "maximum": 1.3112805634957623,
        "median": 1.0029694313296385,
        "minimum": 1.0000760274596283,
        "upper_quartile": 1.051092884399472
      },
      "fourth_mode_ratio": {
        "lower_quartile": 1.251932964725076e-06,
        "maximum": 0.058767918935713946,
        "median": 4.5931190075914824e-05,
        "minimum": 5.686231439676863e-09,
        "upper_quartile": 0.002128209210655854
      },
      "maximum_certifying_depth": 5,
      "normalized_four_volume": {
        "lower_quartile": 3.6607169732865315e-11,
        "maximum": 0.001097253986569191,
        "median": 5.104220578798247e-09,
        "minimum": 8.028971697086693e-13,
        "upper_quartile": 2.2065398822718628e-05
      },
      "positive_ratio_count": 12,
      "record_count": 12,
      "sigma": 0.08,
      "support_count": 11
    },
    {
      "alignment_holds": true,
      "capacity": {
        "lower_quartile": 0.00014972782046128333,
        "maximum": 0.2896790773467524,
        "median": 0.000776152299089966,
        "minimum": 1.7162622424485866e-06,
        "upper_quartile": 0.020194064330356986
      },
      "certifying_depth": {
        "lower_quartile": 2.0,
        "maximum": 6.0,
        "median": 3.0,
        "minimum": 1.0,
        "upper_quartile": 4.0
      },
      "concentration": {
        "lower_quartile": 1.0017069327934918,
        "maximum": 2.33011598857783,
        "median": 1.0089845132607826,
        "minimum": 1.0000036456661014,
        "upper_quartile": 1.0554982169700349
      },
      "fourth_mode_ratio": {
        "lower_quartile": 3.185166424675485e-05,
        "maximum": 0.133767130754764,
        "median": 0.0004581086331363743,
        "minimum": 8.21978393374845e-08,
        "upper_quartile": 0.031560402598087296
      },
      "maximum_certifying_depth": 6,
      "normalized_four_volume": {
        "lower_quartile": 7.192779917725511e-09,
        "maximum": 0.03874953901636242,
        "median": 4.0636885324368955e-07,