{
  "all_checks_passed": true,
  "checks": {
    "finite_exceptional_transfer": true,
    "quadratic_embedding_identity": true,
    "radial_minimax_l2": true,
    "ray_compression": true,
    "sign_coherent_identity": true,
    "source_diagonal_regrouping": true
  },
  "config": {
    "D": 9,
    "X": 360,
    "alpha": 0.5,
    "beta": 1.5,
    "h": 4
  },
  "payload_sha256": "d894b1f372217ef2b0e6138bc5f7e2584568ac6dbd6e01672f2fc875d9846309",
  "quadratic_embedding": {
    "all_source_lambdas_zero": true,
    "baseline_minus_polynomial_sum": -24.40486822738871,
    "coefficient": -24.404868227388718,
    "identity_error": 7.105427357601002e-15,
    "term_count": 30
  },
  "radial_minimax": {
    "distance_to_constants_l2": 1.1135528725660042,
    "gamma": 0.3,
    "identity_error": 8.881784197001252e-16,
    "predicted_minimax": 3.3406586176980126,
    "witness_functional": 3.3406586176980135,
    "witness_norm": 3.0000000000000004,
    "witness_sum": 1.6653345369377348e-16
  },
  "regrouping": {
    "exceptional_cauchy_bound": 324.49881921028623,
    "exceptional_mass": 149.06073976307036,
    "exceptional_size": 7,
    "exceptional_transfer_holds": true,
    "frequency_errors": {
      "0.00": 1.1368683772161603e-13,
      "0.37": 5.684341886080802e-14,
      "1.10": 7.246142549764705e-14
    },
    "pair_count": 1486,
    "ray_count": 1348,
    "source_direct": 1581.2111941459484,
    "source_grouped": 1581.211194145949,
    "source_regroup_error": 6.821210263296962e-13
  },
  "sign_coherent_ray": {
    "a": 24,
    "all_source_lambdas_zero": true,
    "all_target_lambdas_zero": true,
    "b": 5,
    "baseline": 3.3,
    "coefficient": 3.3,
    "h": 2,
    "identity_error": 0.0,
    "term_count": 6
  }
}
