{
  "barycentric_weights": [
    0.04822496178797386,
    0.1382539145088928,
    0.8135211237031333
  ],
  "dimension": 2048,
  "lift": 1.0,
  "maximum_right_orthogonality_defect": 3.622582792031445e-16,
  "minimum_barycentric_weight": 0.04822496178797386,
  "minimum_hermitian_candidates": [
    -0.8923731275150327,
    -1.1364469940152837,
    -0.49331889120127737
  ],
  "origin_reconstruction_absolute": 4.046342882289365e-17,
  "phases": [
    0.0,
    2.0943951023931953,
    4.1887902047863905
  ],
  "rayleigh_points_imag": [
    -0.4488002345336797,
    -1.1460763614809033,
    0.22137460505252085
  ],
  "rayleigh_points_real": [
    -0.822329596919225,
    0.21786030408721124,
    0.01172283454544322
  ],
  "sigma": 0.01,
  "singular_candidate": 0.002286722975816321,
  "singular_triplet_residual": 2.9520068837087754e-11,
  "spectral_parameter_imag": -0.4130514133515469,
  "spectral_parameter_real": -0.09992358355749356
}
