{
  "certified_numerical_range_no_go": 1,
  "finest_conditional_arc_candidate_bound": 18409.259815818295,
  "finest_rh28_arc_budget_lower": 109987.85575676149,
  "maximum_normalized_left_residual_upper": 3.5589875876118226e-09,
  "maximum_normalized_right_residual_upper": 4.371020700375894e-10,
  "minimum_lifted_bulk_budget_margin": 95.04009356258499,
  "minimum_original_arc_budget_margin": 6.240505908808885,
  "minimum_singular_gap_ratio": 11.140923973266135
}
