{
  "critical_parameter": 1.5436890126920764,
  "declared_support_multiple": 8.0,
  "dimensions": [
    {
      "analytic_omitted_mass_upper": 3.2335576266423083e-15,
      "analytic_over_floating_frobenius": 19.64396435887814,
      "analytic_two_norm_upper": 1.2508682178589859e-13,
      "dimension": 2048,
      "effective_support_multiple": 8.10546875,
      "frobenius_norm": 6.367697451526137e-15,
      "infinity_norm": 1.0551173514897831e-15,
      "maximum_omitted_mass": 5.275586757448917e-16,
      "mesh": 0.00048828125,
      "minimum_omitted_distance": 0.08105522141082822,
      "minimum_omitted_distance_multiple": 8.10552214108282,
      "one_norm": 4.981261219051962e-15,
      "schur_two_norm_upper": 2.292556464849857e-15,
      "seconds": 0.23979740898357704,
      "support_half_width": 166,
      "tail_identity_maximum_error": 2.9582283945787943e-31
    },
    {
      "analytic_omitted_mass_upper": 4.034888680278802e-15,
      "analytic_over_floating_frobenius": 14.746963647321056,
      "analytic_two_norm_upper": 1.5270216700905526e-13,
      "dimension": 4096,
      "effective_support_multiple": 8.056640625,
      "frobenius_norm": 1.0354820874383537e-14,
      "infinity_norm": 1.4449429880367222e-15,
      "maximum_omitted_mass": 7.22471494018361e-16,
      "mesh": 0.000244140625,
      "minimum_omitted_distance": 0.08056640862263775,
      "minimum_omitted_distance_multiple": 8.056640862263775,
      "one_norm": 8.828843407833293e-15,
      "schur_two_norm_upper": 3.57171882636679e-15,
      "seconds": 0.9372402409790084,
      "support_half_width": 330,
      "tail_identity_maximum_error": 5.9164567891575885e-31
    },
    {
      "analytic_omitted_mass_upper": 4.463564807186471e-15,
      "analytic_over_floating_frobenius": 12.567754937609589,
      "analytic_two_norm_upper": 1.6698632392816399e-13,
      "dimension": 8192,
      "effective_support_multiple": 8.0322265625,
      "frobenius_norm": 1.3286885745078437e-14,
      "infinity_norm": 1.914083963947926e-15,
      "maximum_omitted_mass": 9.570419819739632e-16,
      "mesh": 0.0001220703125,
      "minimum_omitted_distance": 0.08032231668894296,
      "minimum_omitted_distance_multiple": 8.032231668894296,
      "one_norm": 1.194901599174346e-14,
      "schur_two_norm_upper": 4.782407332584028e-15,
      "seconds": 3.5476363549823873,
      "support_half_width": 658,
      "tail_identity_maximum_error": 7.888609052210118e-31
    }
  ],
  "evidence_level": "floating_not_validated",
  "sigma": 0.01,
  "status": "floating_full_versus_archived_cutoff_pilot"
}
