{
  "evidence_level": "exact scalar cancellation reduction plus deterministic binary64 generic block models; no production packet computation",
  "limitations": [
    "A nearly rank-one physical covariance can make the globally valid PSD envelope large off the physical ray.",
    "The physically admissible coefficient covariance has not been derived from the production packet family.",
    "Uniform block depth and interval transfer remain open."
  ],
  "models": [
    {
      "complement_center_energy": 19.74347324879776,
      "complement_exact_energy": 145.47697403881952,
      "complement_residual_upper": 73.12725981037441,
      "dimension": 3,
      "directional_optimal_gain": 1.0,
      "exact_scalar_reduction": true,
      "horizon": 32,
      "name": "exact_diagonal_cancellation",
      "rows": [
        {
          "epsilon": 1.0,
          "global_spectral_gain": 1.1607686024663013,
          "physical_gain": 2.9245441222334647,
          "weighted_trace_gain": 1.1607686024663013,
          "young_parameter": 1.9245441222334647
        },
        {
          "epsilon": 0.0001,
          "global_spectral_gain": 1.160768602466301,
          "physical_gain": 2.924544122233431,
          "weighted_trace_gain": 1.1607686024663093,
          "young_parameter": 1.924544122233431
        }
      ],
      "source_columns": 2,
      "target_exact_energy": 6.929436372645467e-17
    },
    {
      "depth": 1,
      "dimension": 4,
      "exact_scalar_reduction": false,
      "horizon": 24,
      "krylov_rank": 3,
      "name": "nonnormal_three_packet_chain",
      "rows": [
        {
          "directional_optimal_gain": 3.899144788576462,
          "epsilon": 1.0,
          "global_spectral_gain": 3.851919450527246,
          "minimum_residual_weight": 8.096192874613229e-17,
          "minimum_slack_eigenvalue": 0.002214726308831688,
          "physical_gain": 3.9500490397295116,
          "weighted_trace_gain": 4.004646994938852,
          "young_parameter": 1139.426339458898
        },
        {
          "directional_optimal_gain": 3.899144788576462,
          "epsilon": 0.01,
          "global_spectral_gain": 3.925351482919596,
          "minimum_residual_weight": 6.40096831964811e-17,
          "minimum_slack_eigenvalue": 0.003514405789321613,
          "physical_gain": 3.8993404991133755,
          "weighted_trace_gain": 3.9064963353790954,
          "young_parameter": 1219.412546883271
        }
      ],
      "source_columns": 3
    }
  ],
  "status": "rh67_physical_covariance_block_envelope_pilot",
  "theorem_boundary": {
    "covariance_optimal_residual_weights": true,
    "covariance_optimal_young_parameter": true,
    "production_covariance_uniformity": false,
    "rank_one_directional_limit": true,
    "sharpness_global_size_tradeoff": true,
    "stage_A1_closed": false
  }
}
