{
  "analytic_endpoint_log_coefficient": 0.051267641773610484,
  "analytic_endpoint_tail_constant": 0.22642358926050635,
  "contour_radius": 0.05,
  "evidence_level": "binary64_sparse_eigenfactor_diagnostic_not_validated",
  "limitations": [
    "The sparse matrices use an eight-sigma support cutoff and exact row renormalization.",
    "Eigenfactors and fitted slopes are binary64 diagnostics, not interval enclosures.",
    "Projector growth does not by itself upper-bound the reduced contour resolvent."
  ],
  "parity_log_fit": {
    "intercept": 0.5095690769853799,
    "levels": 6,
    "maximum_absolute_residual": 0.022097698049469816,
    "slope": 0.14244075987675112
  },
  "perron_log_fit": {
    "intercept": 0.3711291939821192,
    "levels": 6,
    "maximum_absolute_residual": 0.015920750303632047,
    "slope": 0.1715405627460675
  },
  "rank_two_log_fit": {
    "intercept": 0.866290749435391,
    "levels": 6,
    "maximum_absolute_residual": 0.036317176512219884,
    "slope": 0.31905864671346673
  },
  "resolution": 20.48,
  "rows": [
    {
      "bulk_radius": 0.5571361640399058,
      "dimension": 683,
      "dimension_times_sigma": 20.49,
      "elapsed_seconds": 0.05207336402963847,
      "endpoint_parity_energy": null,
      "endpoint_parity_tail_coefficient": null,
      "endpoint_perron_energy": null,
      "endpoint_perron_tail_coefficient": null,
      "endpoint_window": [
        0.24,
        0.08
      ],
      "parity_contour_resolvent_lower": 22.24855663736742,
      "parity_density_l2": 1.0632219756832484,
      "parity_eigenvalue": -0.9719494268580449,
      "parity_gap": 0.028050573141955137,
      "parity_observable_l2": 1.0462799465309227,
      "parity_observable_linf": 1.1723979775128852,
      "parity_projector_norm": 1.1124278318683711,
      "parity_projector_square_over_log": 0.35290895440830095,
      "perron_contour_resolvent_lower": 21.308490711758434,
      "perron_density_l2": 1.0654245355879217,
      "perron_projector_norm": 1.0654245355879217,
      "perron_projector_square_over_log": 0.3237161553500382,
      "rank_two_frobenius_square_over_log": 0.6679814810243995,
      "sigma": 0.03,
      "weighted_parity_norm": 1.0812235936054009,
      "weighted_rank_two_frobenius": 1.5304625893989063,
      "weighted_rank_two_singular_values": [
        1.2213982662954117,
        0.9222266601222111
      ]
    },
    {
      "bulk_radius": 0.6564262048863421,
      "dimension": 1024,
      "dimension_times_sigma": 20.48,
      "elapsed_seconds": 0.07749172393232584,
      "endpoint_parity_energy": null,
      "endpoint_parity_tail_coefficient": null,
      "endpoint_perron_energy": null,
      "endpoint_perron_tail_coefficient": null,
      "endpoint_window": [
        0.16,
        0.08
      ],
      "parity_contour_resolvent_lower": 22.159479271859976,
      "parity_density_l2": 1.0956771480765422,
      "parity_eigenvalue": -0.9790942594608393,
      "parity_gap": 0.020905740539160722,
      "parity_observable_l2": 1.0112230281867645,
      "parity_observable_linf": 1.122554449789477,
      "parity_projector_norm": 1.1079739635929988,
      "parity_projector_square_over_log": 0.31380344703919405,
      "perron_contour_resolvent_lower": 21.531024367925422,
      "perron_density_l2": 1.076551218396271,
      "perron_projector_norm": 1.076551218396271,
      "perron_projector_square_over_log": 0.296256572167999,
      "rank_two_frobenius_square_over_log": 0.6062234224894119,
      "sigma": 0.02,
      "weighted_parity_norm": 1.0848109473859782,
      "weighted_rank_two_frobenius": 1.5399870048828221,
      "weighted_rank_two_singular_values": [
        1.2228350962044578,
        0.9360738767312119
      ]
    },
    {
      "bulk_radius": 0.6746693518397273,
      "dimension": 2048,
      "dimension_times_sigma": 20.48,
      "elapsed_seconds": 0.14448983001057059,
      "endpoint_parity_energy": null,
      "endpoint_parity_tail_coefficient": null,
      "endpoint_perron_energy": null,
      "endpoint_perron_tail_coefficient": null,
      "endpoint_window": [
        0.08,
        0.08
      ],
      "parity_contour_resolvent_lower": 22.370596062561045,
      "parity_density_l2": 1.1140764446209044,
      "parity_eigenvalue": -0.9865534036028739,
      "parity_gap": 0.013446596397126087,
      "parity_observable_l2": 1.0039973545160659,
      "parity_observable_linf": 1.096463769960986,
      "parity_projector_norm": 1.1185298031280524,
      "parity_projector_square_over_log": 0.2716748502134324,
      "perron_contour_resolvent_lower": 22.11852878480894,
      "perron_density_l2": 1.105926439240447,
      "perron_projector_norm": 1.105926439240447,
      "perron_projector_square_over_log": 0.26558699019038096,
      "rank_two_frobenius_square_over_log": 0.5372916776122381,
      "sigma": 0.01,
      "weighted_parity_norm": 1.1034893843072326,
      "weighted_rank_two_frobenius": 1.5729970168183423,
      "weighted_rank_two_singular_values": [
        1.2405404173319279,
        0.9671499821048082
      ]
    },
    {
      "bulk_radius": 0.7179413580953723,
      "dimension": 5120,
      "dimension_times_sigma": 20.48,
      "elapsed_seconds": 0.3722041300497949,
      "endpoint_parity_energy": 0.07211246571611114,
      "endpoint_parity_tail_coefficient": 0.2814075058813192,
      "endpoint_perron_energy": 0.06384919526660812,
      "endpoint_perron_tail_coefficient": 0.26485529800726837,
      "endpoint_window": [
        0.032,
        0.08
      ],
      "parity_contour_resolvent_lower": 22.962124150913667,
      "parity_density_l2": 1.1448272504782726,
      "parity_eigenvalue": -0.9922077933553424,
      "parity_gap": 0.007792206644657629,
      "parity_observable_l2": 1.0028641500855617,
      "parity_observable_linf": 1.0758506053031678,
      "parity_projector_norm": 1.1481062075456834,
      "parity_projector_square_over_log": 0.23873172035695245,
      "perron_contour_resolvent_lower": 23.101553690747807,
      "perron_density_l2": 1.1550776845373905,
      "perron_projector_norm": 1.1550776845373905,
      "perron_projector_square_over_log": 0.24163975389195105,
      "rank_two_frobenius_square_over_log": 0.48253131080996015,
      "sigma": 0.004,
      "weighted_parity_norm": 1.1391599267264731,
      "weighted_rank_two_frobenius": 1.6322615520442902,
      "weighted_rank_two_singular_values": [
        1.2788034453431103,
        1.0143665621759357
      ]
    },
    {
      "bulk_radius": 0.7362778600305094,
      "dimension": 10240,
      "dimension_times_sigma": 20.48,
      "elapsed_seconds": 0.946384284994565,
      "endpoint_parity_energy": 0.11397375717104177,
      "endpoint_parity_tail_coefficient": 0.26866163904452395,
      "endpoint_perron_energy": 0.10354020873752941,
      "endpoint_perron_tail_coefficient": 0.2561523574584655,
      "endpoint_window": [
        0.016,
        0.08
      ],
      "parity_contour_resolvent_lower": 23.567467111997566,
      "parity_density_l2": 1.1758966431192737,
      "parity_eigenvalue": -0.9947388002485877,
      "parity_gap": 0.00526119975141226,
      "parity_observable_l2": 1.002106233141405,
      "parity_observable_linf": 1.0598364969775866,
      "parity_projector_norm": 1.1783733555998783,
      "parity_projector_square_over_log": 0.22343545131031767,
      "perron_contour_resolvent_lower": 23.935201508525026,
      "perron_density_l2": 1.1967600754262513,
      "perron_projector_norm": 1.1967600754262513,
      "perron_projector_square_over_log": 0.23046258998984548,
      "rank_two_frobenius_square_over_log": 0.456739249597153,
      "sigma": 0.002,
      "weighted_parity_norm": 1.1721736979943254,
      "weighted_rank_two_frobenius": 1.68477162826709,
      "weighted_rank_two_singular_values": [
        1.3150218071022188,
        1.0531728662756923
      ]
    },
    {
      "bulk_radius": 0.7391415382320464,
      "dimension": 20480,
      "dimension_times_sigma": 20.48,
      "elapsed_seconds": 2.100842211046256,