{
  "approximate_inverse_frobenius_upper": 450.62384925786097,
  "border_rank": 12,
  "bordered_dimension": 4108,
  "center_inverse_two_norm_upper": 450.623851361721,
  "certificate_seconds": 38.63135301700095,
  "closed_arc_count": 32,
  "closed_arc_maximum": 443,
  "closed_arc_minimum": 412,
  "closed_arcs": [
    412,
    413,
    414,
    415,
    416,
    417,
    418,
    419,
    420,
    421,
    422,
    423,
    424,
    425,
    426,
    427,
    428,
    429,
    430,
    431,
    432,
    433,
    434,
    435,
    436,
    437,
    438,
    439,
    440,
    441,
    442,
    443
  ],
  "factor_nnz": 3672782,
  "factor_seconds": 2.620530595013406,
  "inverse_sha256": "d2cf84375ca3efa56ad557af3c8740273e356a42a7754b7385557bee3fb65667",
  "matrix_nnz": 1290892,
  "physical_dimension": 2048,
  "residual_center_frobenius_upper": 2.740480873872602e-13,
  "residual_center_sha256": "baafba3c30caa4d69a55e780913e20100a84ce273307e4efbd66ae2d84a468d6",
  "residual_frobenius_upper": 4.6687718342979485e-09,
  "residual_radius_frobenius_upper": 4.668505548133748e-09,
  "residual_radius_sha256": "55bb6705e2057f13f482471c1eb774cfbf34377ed706dc1969b6a80ba1c6b404",
  "sigma": 0.01,
  "source_arc": 433,
  "spectral_parameter_imag": -0.4130514133515469,
  "spectral_parameter_real": -0.09992358355749356,
  "status": "rigorous_direct_center_certificate"
}
