{
  "approximation_rank": 96,
  "blocks": {
    "coarse_consistency": {
      "frobenius_norm_candidate": 0.00016506031345594194,
      "infinity_norm_candidate": 0.0001698388898554276,
      "largest_singular_value_candidate": 4.9702755813073e-05,
      "leading_singular_values": [
        4.9702755813073e-05,
        4.61141041585468e-05,
        4.5422132094926875e-05,
        4.333436726330802e-05,
        4.238852668204181e-05,
        4.027402577651991e-05,
        3.919114884275709e-05,
        3.709273291290619e-05,
        3.588016985935864e-05,
        3.432980398301802e-05,
        3.291962642931135e-05,
        3.129253742735178e-05,
        2.9991175791488443e-05,
        2.7687155538841055e-05,
        2.6807103449219554e-05,
        2.386652060108363e-05,
        2.3442668571646545e-05,
        2.0758890227702133e-05,
        1.9321464644963293e-05,
        1.788620870486072e-05,
        1.639791344056096e-05,
        1.5988127660492203e-05,
        1.5425082357912887e-05,
        1.5141488298192627e-05,
        1.4334467398265757e-05,
        1.4012324565602515e-05,
        1.3535881551197263e-05,
        1.2832094738389847e-05,
        1.2626530577624261e-05,
        1.2347789669161838e-05,
        1.1385688880339705e-05,
        1.1068419263937705e-05,
        1.0517514575234735e-05,
        1.0149637511985502e-05,
        9.650201381636597e-06,
        8.754220074770534e-06,
        8.518741177016107e-06,
        8.057923038059803e-06,
        7.649300067826109e-06,
        6.9915410450690565e-06,
        6.645916964072038e-06,
        6.00978519254324e-06,
        5.550144787274432e-06,
        5.459893005874042e-06,
        5.140570584540483e-06,
        4.379687376354453e-06,
        4.189076784750055e-06,
        4.153175352190275e-06,
        3.4297983034406736e-06,
        3.180042372333944e-06,
        2.716976218545021e-06,
        2.598437865626874e-06,
        2.381446075748494e-06,
        2.157661267858277e-06,
        1.9985290066746575e-06,
        1.7657314378393007e-06,
        1.5485651261796515e-06,
        1.4941010382997713e-06,
        1.2684170284345035e-06,
        1.1241205298598066e-06,
        8.999551914411419e-07,
        8.418136394954138e-07,
        7.202583607167938e-07,
        6.271326739143273e-07,
        6.021536584392669e-07,
        4.4756015302474913e-07,
        4.232352468275436e-07,
        3.287974514548978e-07,
        2.882642885189222e-07,
        2.3581063563238344e-07,
        1.960626485958692e-07,
        1.6799073858400551e-07,
        1.3149232497801059e-07,
        1.1396325005752404e-07,
        8.953435467719985e-08,
        7.504978705085838e-08,
        5.909460599557381e-08,
        4.887951746426201e-08,
        3.903111735424473e-08,
        3.104963869923755e-08,
        2.5251082451730997e-08,
        1.9828314116018974e-08,
        1.601395897115978e-08,
        1.2500051039630813e-08,
        1.0048080415846093e-08,
        7.841811134570403e-09,
        6.150553094231681e-09,
        4.885157188696319e-09,
        3.7394241778002855e-09,
        2.9527090800958047e-09,
        2.2602960657187855e-09,
        1.762505689400845e-09,
        1.3420560109965746e-09,
        1.0257703530563585e-09,
        7.954268897516756e-10,
        5.909481926977871e-10
      ],
      "materialization_seconds": 43.43726815801347,
      "one_norm_candidate": 0.000165722927502037,
      "post_rank_frobenius_tail_candidate": 6.19800453885746e-10,
      "schur_two_norm_upper_candidate": 0.00016776828672468905,
      "svd_seconds": 19.735106816980988
    },
    "coarse_to_detail": {
      "frobenius_norm_candidate": 0.021177471200926407,
      "infinity_norm_candidate": 0.02228432625936651,
      "largest_singular_value_candidate": 0.005661227874081621,
      "leading_singular_values": [
        0.005661227874081621,
        0.005660451584431325,
        0.005403714045612845,
        0.005398832319864974,
        0.005127213315447592,
        0.005096163751907631,
        0.004761861435857433,
        0.004734779151031329,
        0.0043862697925305515,
        0.004331455128672028,
        0.003939585556638473,
        0.0038975174433431726,
        0.00351932855553456,
        0.0033961829085091596,
        0.0032132090455687387,
        0.0031931378537917955,
        0.0031536175304107744,
        0.003067797038160463,
        0.0030102971946201363,
        0.002899279809797401,
        0.0028451484698823644,
        0.002731379698272012,
        0.0026158796259853076,
        0.0025742996629616265,
        0.002429590961418268,
        0.0022801295346297846,
        0.00222471951002749,
        0.002096116832744869,
        0.0019278477719109305,
        0.0019132617152148096,
        0.0017802139868745748,
        0.001660027539246369,
        0.001619797939094534,
        0.001485258484474626,
        0.001343595811983094,
        0.0012357346933668473,
        0.0012179651232990185,
        0.0010945559160153119,
        0.0009853146712656838,
        0.0008787446324745366,
        0.0008300619767671805,
        0.0007840683424281323,
        0.0006951207467344037,
        0.0006142703034770018,
        0.0005418280808496532,
        0.00047435062780785985,
        0.00041610037102969474,
        0.00036114202896230863,
        0.0003148170771789294,
        0.0002713266323380465,
        0.00023455109494988316,
        0.00020118360521348877,
        0.00017221539394284203,
        0.0001472098762548194,
        0.0001246633260772748,
        0.00010624407605780478,
        8.911546243982399e-05,
        7.55491462085631e-05,
        6.300885088516868e-05,
        5.288079272515266e-05,
        4.413767318274281e-05,
        3.642367110813251e-05,
        3.0649893039621864e-05,
        2.4757462682793883e-05,
        2.105514585974488e-05,
        1.6758535212725912e-05,
        1.4203462715566073e-05,
        1.1458260690857855e-05,
        9.30477528319142e-06,
        7.951944716864755e-06,
        5.906541023483408e-06,
        5.54151097310596e-06,
        3.8631279001705834e-06,
        3.611660393451445e-06,
        2.628237060703346e-06,
        2.1745277490671264e-06,
        1.7628273829443281e-06,
        1.2827135407061824e-06,
        1.1650859945396812e-06,
        7.765715382654818e-07,
        7.297361498996047e-07,
        5.032357532863199e-07,
        4.185181495839488e-07,
        3.271422755655159e-07,
        2.3781131031584908e-07,
        2.121270787870713e-07,
        1.432118738200462e-07,
        1.2894265810822624e-07,
        9.067289612207623e-08,
        7.313041106321712e-08,
        5.5580693049609176e-08,
        4.1507706767630056e-08,
        3.26177107020625e-08,
        2.3687271224055513e-08,
        1.8436807653348375e-08,
        1.3478083315308559e-08
      ],
      "materialization_seconds": 35.3250262690126,
      "one_norm_candidate": 0.011171446835497019,
      "post_rank_frobenius_tail_candidate": 1.5133991837501526e-08,
      "schur_two_norm_upper_candidate": 0.01577809133169735,
      "svd_seconds": 15.630747578979935
    },
    "detail_block": {
      "frobenius_norm_candidate": 0.00010447713992260377,
      "infinity_norm_candidate": 5.241497265748949e-05,
      "largest_singular_value_candidate": 3.263336840721701e-05,