{
  "approximation_rank": 96,
  "block_certificates": {
    "coarse_consistency": {
      "approximation_rank": 96,
      "block_two_norm_upper": 4.9703504365590696e-05,
      "dimension": 4096,
      "left_factor_two_norm_upper": 1.0000000000552463,
      "left_gram_defect_frobenius_upper": 1.1049174251755278e-10,
      "low_rank_two_norm_upper": 4.970275581865377e-05,
      "name": "coarse_consistency",
      "residual_center_frobenius_upper": 6.892237574845238e-10,
      "residual_center_sha256": "a65bf1889031bac65ae4e57218f628581d5bcdffa6778f7a0d8f88d8eb2547a6",
      "residual_frobenius_upper": 7.48546936917432e-10,
      "residual_radius_frobenius_upper": 6.221680354107102e-11,
      "residual_radius_sha256": "80e69011580ee3d8a52edce432661e76e7365767a8bf7670ccd0cd35edffb435",
      "right_factor_two_norm_upper": 1.0000000000561498,
      "right_gram_defect_frobenius_upper": 1.1229896812954292e-10,
      "singular_scale_upper": 4.970275581311707e-05
    },
    "coarse_to_detail": {
      "approximation_rank": 96,
      "block_two_norm_upper": 0.005661243048885059,
      "dimension": 4096,
      "left_factor_two_norm_upper": 1.0000000000594662,
      "left_gram_defect_frobenius_upper": 1.1893183314438015e-10,
      "low_rank_two_norm_upper": 0.005661227874762897,
      "name": "coarse_to_detail",
      "residual_center_frobenius_upper": 1.5134784983147615e-08,
      "residual_center_sha256": "9f1efa02899032d63131143a9cf57b25341285135baf70c55020a6671ce6b0a5",
      "residual_frobenius_upper": 1.5174122160789124e-08,
      "residual_radius_frobenius_upper": 4.145626165358576e-11,
      "residual_radius_sha256": "b9caee2bcf3cb8f9e2104497f2fdd8a49b1db6bb82f695d4d54a2c756ddd1756",
      "right_factor_two_norm_upper": 1.0000000000608769,
      "right_gram_defect_frobenius_upper": 1.2175312515617083e-10,
      "singular_scale_upper": 0.005661227874081606
    },
    "detail_block": {
      "approximation_rank": 96,
      "block_two_norm_upper": 3.263369856631532e-05,
      "dimension": 4096,
      "left_factor_two_norm_upper": 1.0000000000560745,
      "left_gram_defect_frobenius_upper": 1.121485984300767e-10,
      "low_rank_two_norm_upper": 3.263336841091368e-05,
      "name": "detail_block",
      "residual_center_frobenius_upper": 3.0557349545407606e-10,
      "residual_center_sha256": "ed4e96aaae4c47cbdfd7cd06dafa942419c9c2b4aa64a7fce1fb62e3de4eae8f",
      "residual_frobenius_upper": 3.301554016344992e-10,
      "residual_radius_frobenius_upper": 2.591963975084205e-11,
      "residual_radius_sha256": "7d0f052f0fc5c063de5b1566c43c63c64ced03e87b5accb8febd3300987d0a83",
      "right_factor_two_norm_upper": 1.0000000000572054,
      "right_gram_defect_frobenius_upper": 1.1441032262874873e-10,
      "singular_scale_upper": 3.263336840721696e-05
    },
    "detail_to_coarse": {
      "approximation_rank": 96,
      "block_two_norm_upper": 0.006861751717264048,
      "dimension": 4096,
      "left_factor_two_norm_upper": 1.0000000000540472,
      "left_gram_defect_frobenius_upper": 1.080939913557952e-10,
      "low_rank_two_norm_upper": 0.006861744556900034,
      "name": "detail_to_coarse",
      "residual_center_frobenius_upper": 7.1358142123500924e-09,
      "residual_center_sha256": "a189f88610e90f46495bc60b1b568306b28e4f7adfefe50314131c79b389c0e7",
      "residual_frobenius_upper": 7.16036401242412e-09,
      "residual_radius_frobenius_upper": 2.592069414801789e-11,
      "residual_radius_sha256": "3fde3310ea8ac20fdf25c8875c9308bcd293980d80d7bbf2d23fab569bd9757a",
      "right_factor_two_norm_upper": 1.0000000000552938,
      "right_gram_defect_frobenius_upper": 1.1058712183671322e-10,
      "singular_scale_upper": 0.006861744556149763
    }
  },
  "certificate_seconds": {
    "coarse_consistency": 163.45894671301357,
    "coarse_to_detail": 129.55244900699472,
    "detail_block": 129.96215643995674,
    "detail_to_coarse": 129.52643004700076
  },
  "coarse_dimension": 4096,
  "construction_monolithic_snapshot_sha256": "f23ea40f5dc15df3d01814c18acc1ce68e78aa3d42e269426d88c9cd23cdd59d",
  "continuation_gate": {
    "admissible_coarse_resolvent_upper": 6537.583757391333,
    "coarse_consistency_upper": 4.9703504365590696e-05,
    "coarse_to_detail_upper": 0.005661243048885059,
    "contour_origin_distance_lower": 0.376235604149098,
    "detail_norm_upper": 3.263369856631532e-05,
    "detail_resolvent_upper": 2.658139564401696,
    "detail_spectrum_outside_counting_circle": true,
    "detail_to_coarse_upper": 0.006861751717264048,
    "effective_perturbation_upper": 0.00015296171140743076,
    "self_energy_upper": 0.00010325820704184003
  },
  "contour_center_imag": -0.5508412474453575,
  "contour_center_real": -0.3233504401504541,
  "contour_radius": 0.2624987592858511,
  "evidence_level": "rigorous_componentwise_stored_binary64_certificate",
  "fine_dimension": 8192,
  "inherited_snapshot": "/root/math/prime_dynamics_theory/papers/RH-36-nested-grid-physical-count/results/nested_grid_snapshot_sigma_1e-02.npz",
  "inherited_snapshot_sha256": "a1e2a6a3a32a6f7e68ec17b294bdb41d404c0dbeca1f5cb89aefe48ab4390d81",
  "repackaged_from_identical_monolithic_arrays": true,
  "sigma": 0.01,
  "snapshot_metadata": "results/second_dyadic_snapshot_sigma_1e-02.json",
  "snapshot_metadata_sha256": "558cd7e20600d887bfeea53176a94d5311996f9ea1c97ba9ef68469e529a52ec",
  "snapshot_part_sha256": {
    "coarse_consistency": "063122c36789e58e23083ca26165d02a5cdbdcce9995177c815d0dd4f4da2c13",
    "coarse_to_detail": "0f3e022a4e67bdb8e627f3cacb6d32515431d332bdff076a8f78f644a272d942",
    "detail_block": "c5228b1b66d897d785322b06fa219ddc63664c6be6adeb18a63164c065d54f3e",
    "detail_to_coarse": "09ada5abad670b3b8d909f4488a0955ec160a4cba8057c097ce1c3b48153e1fa",
    "fine_object": "886c6985e3937b374e9f7ab40bef31d34351ad2f794d546b50011c100848544a"
  },
  "snapshot_parts": {
    "coarse_consistency": "results/second_dyadic_center_coarse_consistency_sigma_1e-02.npz",
    "coarse_to_detail": "results/second_dyadic_center_coarse_to_detail_sigma_1e-02.npz",
    "detail_block": "results/second_dyadic_center_detail_block_sigma_1e-02.npz",
    "detail_to_coarse": "results/second_dyadic_center_detail_to_coarse_sigma_1e-02.npz",
    "fine_object": "results/second_dyadic_fine_object_sigma_1e-02.npz"
  },
  "software": {
    "numpy": "2.2.6",
    "platform": "Linux-5.15.0-177-generic-x86_64-with-glibc2.35",
    "python": "3.10.12",
    "scipy": "1.15.3"
  },
  "status": "rigorous_second_dyadic_block_and_schur_gate",
  "total_seconds": 554.5126142670051
}
