{
  "evidence_level": "archived RH-59/RH-60 binary64 results; exact finite-matrix algebraic reanalysis, not a continuum or interval theorem",
  "fits": {
    "left_gap": {
      "growth_exponent": 0.0,
      "levels": 2,
      "log_intercept": 0.885169342498636,
      "maximum_log_residual": 2.220446049250313e-16,
      "power": 1.0232679228891046
    },
    "left_geometric_horizon_05": {
      "growth_exponent": 1.4854268271702415,
      "levels": 2,
      "log_intercept": -1.1127277567925495,
      "maximum_log_residual": 4.440892098500626e-16,
      "power": -1.4854268271702415
    },
    "left_observed_horizon_05": {
      "growth_exponent": 0.9999999999999997,
      "levels": 2,
      "log_intercept": -0.446287102628419,
      "maximum_log_residual": 0.0,
      "power": -0.9999999999999997
    },
    "left_relaxation": {
      "growth_exponent": 1.2022180529508086,
      "levels": 2,
      "log_intercept": -1.4363908611153993,
      "maximum_log_residual": 2.220446049250313e-16,
      "power": -1.2022180529508086
    },
    "right_gap": {
      "growth_exponent": 0.0,
      "levels": 2,
      "log_intercept": 0.734708246409564,
      "maximum_log_residual": 2.220446049250313e-16,
      "power": 0.9694946792427661
    },
    "right_geometric_horizon_05": {
      "growth_exponent": 1.4150374992788437,
      "levels": 2,
      "log_intercept": -0.8014120224591168,
      "maximum_log_residual": 0.0,
      "power": -1.4150374992788437
    },
    "right_observed_horizon_05": {
      "growth_exponent": 0.9999999999999997,
      "levels": 2,
      "log_intercept": -0.446287102628419,
      "maximum_log_residual": 0.0,
      "power": -0.9999999999999997
    },
    "right_relaxation": {
      "growth_exponent": 1.1310365754525498,
      "levels": 2,
      "log_intercept": -1.2403920247511813,
      "maximum_log_residual": 1.1102230246251565e-16,
      "power": -1.1310365754525498
    }
  },
  "limitations": [
    "The five rows are inherited binary64 finite-matrix diagnostics.",
    "Contraction-gap and horizon exponents are fits, not asymptotic theorems.",
    "The geometric envelope is rigorous for the stored packet metrics but can be much looser than the directional tail.",
    "The observed phase-aware horizon grid is censored at the stored horizons.",
    "No production interval audit or physical-family uniform estimate is claimed."
  ],
  "program_boundary": {
    "continuum_phase_gram_theorem": false,
    "directional_tail_certificate": false,
    "polylogarithmic_horizon_proved": false,
    "prime_power_trace_formula": false,
    "self_adjoint_hilbert_polya_operator": false,
    "stage_A1_closed": false,
    "stage_A4_unconditional_closed": false
  },
  "rows": [
    {
      "fine_dimension": 32,
      "left": {
        "contraction_gap": 0.37155718916913194,
        "exact_hardy_energy": 0.9039575455799419,
        "geometric_horizons": {
          "0.01": 8,
          "0.05": 5,
          "0.1": 4,
          "0.2": 3
        },
        "horizons": {
          "0": {
            "geometric_tail_envelope": 1.171917009884675,
            "geometric_tail_ratio_to_initial": 1.0,
            "phase_aware_upper": 1.171917009884675,
            "phase_tail_ratio_to_initial": 1.0,
            "phase_tail_sum": 1.171917009884675,
            "phase_upper_over_exact": 1.2964292577842484
          },
          "1": {
            "geometric_tail_envelope": 0.5595603664924642,
            "geometric_tail_ratio_to_initial": 0.4774743960304228,
            "phase_aware_upper": 1.2790163799182328,
            "phase_tail_ratio_to_initial": 0.3772489042185014,
            "phase_tail_sum": 0.4421044078140163,
            "phase_upper_over_exact": 1.41490757632613
          },
          "16": {
            "geometric_tail_envelope": 0.00020184651145124268,
            "geometric_tail_ratio_to_initial": 0.00017223618204083053,
            "phase_aware_upper": 0.9039575463138307,
            "phase_tail_ratio_to_initial": 6.262310991336794e-10,
            "phase_tail_sum": 7.33890877193535e-10,
            "phase_upper_over_exact": 1.0000000008118621
          },
          "2": {
            "geometric_tail_envelope": 0.27808685280862877,
            "geometric_tail_ratio_to_initial": 0.23729227450670293,
            "phase_aware_upper": 1.0289364931232132,
            "phase_tail_ratio_to_initial": 0.11027313624376225,
            "phase_tail_sum": 0.12923096409739523,
            "phase_upper_over_exact": 1.1382575411360607
          },
          "32": {
            "geometric_tail_envelope": 1.1908136582458343e-07,
            "geometric_tail_ratio_to_initial": 1.0161245618945482e-07,
            "phase_aware_upper": 0.9039575455799399,
            "phase_tail_ratio_to_initial": 3.78430485348281e-19,
            "phase_tail_sum": 4.434891228385638e-19,
            "phase_upper_over_exact": 0.9999999999999978
          },
          "4": {
            "geometric_tail_envelope": 0.07788586207213202,
            "geometric_tail_ratio_to_initial": 0.06646021980668798,
            "phase_aware_upper": 0.9105132818802192,
            "phase_tail_ratio_to_initial": 0.005607335162773092,
            "phase_tail_sum": 0.006571331457378239,
            "phase_upper_over_exact": 1.007252261273035
          },
          "64": {
            "geometric_tail_envelope": 4.172018932228801e-14,
            "geometric_tail_ratio_to_initial": 3.559995201912256e-14,
            "phase_aware_upper": 0.9039575455799399,
            "phase_tail_ratio_to_initial": 1.3819948594765901e-37,
            "phase_tail_sum": 1.619583283393797e-37,
            "phase_upper_over_exact": 0.9999999999999978
          },
          "8": {
            "geometric_tail_envelope": 0.0090126251668854,
            "geometric_tail_ratio_to_initial": 0.007690497783432895,
            "phase_aware_upper": 0.9039875524962754,
            "phase_tail_ratio_to_initial": 2.5605327552543282e-05,
            "phase_tail_sum": 3.0007318902494204e-05,
            "phase_upper_over_exact": 1.0000331950504537
          }
        },
        "initial_tail_sum": 1.171917009884675,
        "maximum_contraction": 0.6284428108308681,
        "observed_phase_horizons": {
          "0.01": 4,
          "0.05": 4,
          "0.1": 4,
          "0.2": 2
        },
        "packet_contractions": [
          0.4158027168623484,
          0.6284428108308681
        ],
        "packet_initial_tails": [
          0.8320277232672757,
          0.33988928661739914
        ],
        "relaxation_time": 2.152805032553221,
        "smallest_scale_phase_upper_ratio": 0.9999999999999978
      },
      "right": {
        "contraction_gap": 0.3527591561951433,
        "exact_hardy_energy": 1.0026461047247,
        "geometric_horizons": {
          "0.01": 9,
          "0.05": 6,
          "0.1": 5,
          "0.2": 3
        },
        "horizons": {
          "0": {
            "geometric_tail_envelope": 1.5182750480086813,
            "geometric_tail_ratio_to_initial": 1.0,
            "phase_aware_upper": 1.5182750480086813,
            "phase_tail_ratio_to_initial": 1.0,
            "phase_tail_sum": 1.5182750480086813,
            "phase_upper_over_exact": 1.5142681359397085
          },
          "1": {
            "geometric_tail_envelope": 0.7136618019824369,
            "geometric_tail_ratio_to_initial": 0.47004777093481964,
            "phase_aware_upper": 1.4804336184460725,
            "phase_tail_ratio_to_initial": 0.36825065505688676,
            "phase_tail_sum": 0.559105780985723,
            "phase_upper_over_exact": 1.47652657450114
          },
          "16": {
            "geometric_tail_envelope": 0.00042372497997864917,
            "geometric_tail_ratio_to_initial": 0.00027908314803328464,
            "phase_aware_upper": 1.002646105683493,
            "phase_tail_ratio_to_initial": 6.315017501650446e-10,
            "phase_tail_sum": 9.587933500493994e-10,