{
  "evidence_level": "deterministic binary64 block-Krylov model audit; no production folded-Gaussian packet computation",
  "limitations": [
    "The trace-optimal PSD envelope can remain conservative in a special cancelling coefficient direction.",
    "The pilot uses canonical finite-dimensional Lyapunov metrics rather than production observation-weighted block metrics.",
    "Uniform block depth and interval-certified physical packet transfer remain open."
  ],
  "models": [
    {
      "coefficient_norm": 1.4142135623730951,
      "depths": [
        {
          "center_directional_energy": 1.3858872745291088e-16,
          "depth": 1,
          "directional_gain": 1.0000014223498481,
          "directional_residual_radius": 8.372212262076477e-15,
          "directional_upper": 1.3858892457456467e-16,
          "exact_directional_energy": 1.3858872745290923e-16,
          "gram_envelope_minimum_slack_eigenvalue": 2.7533531010703882e-14,
          "independent_column_gain": 2.12897058576423e+18,
          "independent_column_upper": 295.05132426573937,
          "krylov_rank": 2,
          "metric_contraction": 0.9950000000000001,
          "rank_matched_fused_gain": 1.0,
          "rank_matched_fused_upper": 1.3858872745290923e-16,
          "residual_relation_norm": 0.15288461538461534,
          "source_reconstruction_norm": 6.916653802134305e-16,
          "trace_eta": 1.9245441222334687,
          "uniform_gram_gain": 410.15903605957214,
          "uniform_gram_upper": 5.684341886080802e-14
        }
      ],
      "dimension": 3,
      "horizon": 32,
      "metric_condition_number": 96.24060150375982,
      "name": "cancelling_slow_pair",
      "source_columns": 2
    },
    {
      "coefficient_norm": 1.7320508075688772,
      "depths": [
        {
          "center_directional_energy": 2.035522240208709e-06,
          "depth": 1,
          "directional_gain": 3.899144788576458,
          "directional_residual_radius": 1.7449969556736407,
          "directional_upper": 3.0499956455057142,
          "exact_directional_energy": 0.7822216949833349,
          "gram_envelope_minimum_slack_eigenvalue": 0.002214726308831789,
          "independent_column_gain": 11.365040990215508,
          "independent_column_upper": 8.889981626921454,
          "krylov_rank": 3,
          "metric_contraction": 0.9873693198920781,
          "rank_matched_fused_gain": 5.00768956458598,
          "rank_matched_fused_upper": 3.9171234191608035,
          "residual_relation_norm": 0.4199999999999993,
          "source_reconstruction_norm": 1.525546659599613e-16,
          "trace_eta": 1139.426339458898,
          "uniform_gram_gain": 3.9500490397295085,
          "uniform_gram_upper": 3.089814055124511
        },
        {
          "center_directional_energy": 0.7822216949833422,
          "depth": 2,
          "directional_gain": 1.0000000000000389,
          "directional_residual_radius": 1.308838582333588e-14,
          "directional_upper": 0.7822216949833654,
          "exact_directional_energy": 0.7822216949833349,
          "gram_envelope_minimum_slack_eigenvalue": -4.309542305425673e-18,
          "independent_column_gain": 11.48762384766803,
          "independent_column_upper": 8.985868597453866,
          "krylov_rank": 4,
          "metric_contraction": 0.9873693198920781,
          "rank_matched_fused_gain": 1.0000000000000262,
          "rank_matched_fused_upper": 0.7822216949833555,
          "residual_relation_norm": 6.430016263092426e-16,
          "source_reconstruction_norm": 7.887944996791685e-16,
          "trace_eta": 1.5814265432605533e-14,
          "uniform_gram_gain": 1.000000000000039,
          "uniform_gram_upper": 0.7822216949833656
        }
      ],
      "dimension": 4,
      "horizon": 24,
      "metric_condition_number": 37.66162355330492,
      "name": "nonnormal_three_packet_chain",
      "source_columns": 3
    },
    {
      "coefficient_norm": 1.7320508075688772,
      "depths": [
        {
          "center_directional_energy": 8.429244069094505,
          "depth": 1,
          "directional_gain": 1.2884707794185544,
          "directional_residual_radius": 8.149043327848952,
          "directional_upper": 122.1546477520556,
          "exact_directional_energy": 94.80591232901695,
          "gram_envelope_minimum_slack_eigenvalue": 0.3795244913619259,
          "independent_column_gain": 1.7126267195145792,
          "independent_column_upper": 162.3671386226311,
          "krylov_rank": 3,
          "metric_contraction": 0.9900000000000001,
          "rank_matched_fused_gain": 1.129738738752241,
          "rank_matched_fused_upper": 107.10591182083915,
          "residual_relation_norm": 0.3670527830063832,
          "source_reconstruction_norm": 7.196405783762668e-16,
          "trace_eta": 3.020209125065455,
          "uniform_gram_gain": 1.2950523324093648,
          "uniform_gram_upper": 122.77861788789116
        },
        {
          "center_directional_energy": 94.80591232901685,
          "depth": 2,
          "directional_gain": 1.0000000000000036,
          "directional_residual_radius": 2.232799798287502e-14,
          "directional_upper": 94.80591232901729,
          "exact_directional_energy": 94.80591232901695,
          "gram_envelope_minimum_slack_eigenvalue": 2.8086656288602336e-15,
          "independent_column_gain": 1.7560081237405734,
          "independent_column_upper": 166.47995222839035,
          "krylov_rank": 6,
          "metric_contraction": 0.9900000000000001,
          "rank_matched_fused_gain": 1.000000000000054,
          "rank_matched_fused_upper": 94.80591232902206,
          "residual_relation_norm": 6.510767561060318e-16,
          "source_reconstruction_norm": 8.925046918636119e-16,
          "trace_eta": 2.2987020926242847e-15,
          "uniform_gram_gain": 1.0000000000000029,
          "uniform_gram_upper": 94.80591232901722
        }
      ],
      "dimension": 6,
      "horizon": 20,
      "metric_condition_number": 49.1206030150753,
      "name": "six_mode_complex_phase_packets",
      "source_columns": 3
    }
  ],
  "status": "rh66_block_cross_column_krylov_gram_pilot",
  "theorem_boundary": {
    "block_power_identity": true,
    "directional_center_radius_certificate": true,
    "production_block_family_uniformity": false,
    "stage_A1_closed": false,
    "uniform_psd_gram_envelope": true
  }
}
