{
  "center_count": 109,
  "closed_refined_leaf_count": 949,
  "exact_rational_partition_verified": true,
  "leaf_ledger": "results/refined_atlas_sigma_1e-02_leaves.csv",
  "leaf_ledger_sha256": "7396a429a1d606fa3e24ce2800eb65d05382ec2d2202f8f5cfbcc23aa87ef6dd",
  "maximum_budget_ratio_upper": 2.1063796128019612e-11,
  "maximum_extra_refinement": 8,
  "maximum_extra_refinement_used": 6,
  "maximum_neumann_product_upper": 0.9998708523281207,
  "maximum_refinement_level": 8,
  "minimum_budget_margin_factor_lower": 47474823337.7446,
  "parent_arc_count": 936,
  "sigma": 0.01,
  "status": "full_refined_atlas",
  "suggested_centers": [],
  "unresolved_component_count": 0,
  "unresolved_components": [],
  "unresolved_examples": [],
  "unresolved_refined_leaf_count": 0,
  "used_center_count": 109,
  "used_center_ids": [
    "arc_00001",
    "arc_00004",
    "arc_00006",
    "arc_00011",
    "arc_00016",
    "arc_00027",
    "arc_00040",
    "arc_00086",
    "arc_00144",
    "arc_00277",
    "arc_00400",
    "arc_00473",
    "arc_00545",
    "arc_00579",
    "arc_00612",
    "arc_00644",
    "arc_00677",
    "arc_00706",
    "arc_00729",
    "arc_00746",
    "arc_00762",
    "arc_00777",
    "arc_00793",
    "arc_00809",
    "arc_00825",
    "arc_00833",
    "arc_00841",
    "arc_00850",
    "arc_00858",
    "arc_00862",
    "arc_00866",
    "arc_00870",
    "arc_00874",
    "arc_00877",
    "arc_00879",
    "arc_00881",
    "arc_00883",
    "arc_00885",
    "arc_00886",
    "arc_00887",
    "arc_00888",
    "arc_00889",
    "arc_00890",
    "arc_00891",
    "arc_00892",
    "arc_00893",
    "arc_00894",
    "arc_00895",
    "arc_00896",
    "arc_00897",
    "arc_00898",
    "arc_00899",
    "arc_00900",
    "arc_00901",
    "arc_00902",
    "arc_00903",
    "arc_00904",
    "arc_00905",
    "arc_00906",
    "arc_00907",
    "arc_00908",
    "arc_00909",
    "arc_00910",
    "arc_00911",
    "arc_00912",
    "arc_00913",
    "arc_00914",
    "arc_00915",
    "arc_00916",
    "arc_00917",
    "arc_00918",
    "arc_00919",
    "arc_00920",
    "arc_00921",
    "arc_00922",
    "arc_00923",
    "arc_00924",
    "arc_00925",
    "arc_00926",
    "arc_00927",
    "arc_00928",
    "arc_00929",
    "arc_00930",
    "arc_00931",
    "arc_00932",
    "arc_00933",
    "arc_00934",
    "arc_00935",
    "turn_00002495_of_00016384",
    "turn_00004435_of_00065536",
    "turn_00005731_of_00131072",
    "turn_00016883_of_00131072",
    "turn_00025409_of_00262144",
    "turn_00031445_of_00524288",
    "turn_00037759_of_00262144",
    "turn_00040189_of_00524288",
    "turn_00055109_of_00524288",
    "turn_00059173_of_00524288",
    "turn_00063359_of_00524288",
    "turn_00076221_of_01048576",
    "turn_00095269_of_01048576",
    "turn_00099337_of_01048576",
    "turn_00103935_of_01048576",
    "turn_00156599_of_02097152",
    "turn_00168367_of_02097152",
    "turn_00172207_of_02097152",
    "turn_00176047_of_02097152",
    "turn_00183343_of_02097152",
    "turn_00186941_of_02097152"
  ]
}
