{
  "source": "RH-5-renormalized-gaussian-response/results/operator_benchmarks.json",
  "minimum_fit_dimension": 5000,
  "continuum_eigenvalue": [
    -0.473827327362951,
    0.5061207592771155
  ],
  "continuum_phase_derivative": 2.282035521438494,
  "fit_coefficients_in_1_h2": {
    "real": [
      -0.473827327362951,
      -198.1335252215775
    ],
    "imag": [
      0.5061207592771155,
      -125.39192999488516
    ],
    "phase_derivative": [
      2.282035521438494,
      20283.716357369616
    ]
  }
}
