{
  "audit_summary": {
    "contractive_tail_pair_count": 0,
    "gamma_transfer_failure_count": 0,
    "gram_alignment_failure_count": 0,
    "maximum_gamma_transfer_efficiency": 0.40910669277544587,
    "maximum_optimal_tail_factor": 1.9324122487812052e+289,
    "median_gamma_transfer_efficiency": 0.16506932521080595,
    "median_optimal_tail_factor": 468647.93776016653,
    "minimum_gamma_transfer_efficiency": 0.006093476893601066,
    "minimum_optimal_tail_factor": 3.7485023887413544,
    "nonexpansive_gamma_pair_count": 0,
    "pair_count": 4,
    "sampled_optimality_failure_count": 0,
    "scale_count": 2,
    "subunit_target_gamma_count": 4,
    "tail_dominance_failure_count": 0
  },
  "pairs": [
    {
      "gamma_transfer_efficiency": 0.007198089728310969,
      "gamma_transfer_holds": true,
      "gamma_transfer_upper": 1.086258010380136e-08,
      "gauge_determinant": -106.56241368727646,
      "gram_alignment_error": 1.355427784712312e-20,
      "gram_alignment_holds": true,
      "matched_ratios": [
        1.4648083888743497e+286,
        5.107466619447832e+288,
        1.9324122487812052e+289,
        1.00123101401747e+285
      ],
      "minimum_sampled_tail_factor": 1.9324122487812052e+289,
      "optimal_tail_factor": 1.9324122487812052e+289,
      "pair_id": "0.16-0.08:left:1e-08:p0.25",
      "phase": 0.25,
      "sampled_optimality_holds": true,
      "side": "left",
      "source_actual_ratio": 1.212879877923376e-05,
      "source_capacity_upper": 0.001850279270991533,
      "source_directional_candidate": 1.2169953164302959e-05,
      "source_frame_volume": 1.4220770771342233e-17,
      "source_full_singular_values": [
        0.0050130176815702514,
        0.000371341358646203,
        0.00012521675190194122,
        6.080188273650652e-08
      ],
      "source_gamma": 2.4710589223068573e-153,
      "source_gram_floor": 2.513034627573598e-17,
      "source_leading_upper": 0.005013017681590251,
      "source_relative_spectrum": [
        9.04365594e-316,
        1.64814661926e-313,
        1.44949801053e-312,
        6.106132197512326e-306
      ],
      "source_sigma": 0.16,
      "source_tail_floor": 2.2253e-320,
      "source_time": 1,
      "tail_dominance_holds": true,
      "tail_minimum_slack": 2.614128078564625e-34,
      "target_actual_ratio": 0.0005683024343221326,
      "target_capacity_upper": 0.0002606704600569517,
      "target_directional_candidate": 0.0005683033180699429,
      "target_frame_volume": 1.5153996579297667e-15,
      "target_full_singular_values": [
        0.01005689217009767,
        0.000310770510926958,
        8.483588677420133e-05,
        5.715356301981701e-06
      ],
      "target_gamma": 7.818982626812767e-11,
      "target_gram_floor": 1.0114108012097201e-16,
      "target_leading_upper": 0.010056892170117718,
      "target_relative_spectrum": [
        1.3247223084168073e-29,
        8.417853841850215e-25,
        2.801027710134682e-23,
        6.113648931839989e-21
      ],
      "target_sigma": 0.08,
      "target_tail_floor": 2.8561430223323534e-43,
      "target_time": 2,
      "threshold": 1e-08
    },
    {
      "gamma_transfer_efficiency": 0.006093476893601066,
      "gamma_transfer_holds": true,
      "gamma_transfer_upper": 7.119755295767431e-07,
      "gauge_determinant": 630.2828645392302,
      "gram_alignment_error": 1.0587912165950553e-22,
      "gram_alignment_holds": true,
      "matched_ratios": [
        41.81669278459969,
        0.00518020959696227,
        0.03227947737655476,
        0.0015526730660708988
      ],
      "minimum_sampled_tail_factor": 41.81669278459969,
      "optimal_tail_factor": 41.81669278459969,
      "pair_id": "0.16-0.08:left:1e-08:p0.50",
      "phase": 0.5,
      "sampled_optimality_holds": true,
      "side": "left",
      "source_actual_ratio": 2.393466757005375e-08,
      "source_capacity_upper": 1.3752935356419536e-08,
      "source_directional_candidate": 1.0008692684912731e-06,
      "source_frame_volume": 4.939969740550846e-24,
      "source_full_singular_values": [
        0.004352490534426662,
        2.040865809711927e-06,
        1.2766050255367837e-07,
        1.0417541404330775e-10
      ],
      "source_gamma": 1.1010073702923259e-07,
      "source_gram_floor": 1.894417385227363e-17,
      "source_leading_upper": 0.00435249053444669,
      "source_relative_spectrum": [
        1.9987271213531335e-28,
        4.508682693453233e-20,
        1.3843755558537448e-18,
        1.2122172294380224e-14
      ],
      "source_sigma": 0.16,
      "source_tail_floor": 3.723475693773801e-43,
      "source_time": 2,
      "tail_dominance_holds": true,
      "tail_minimum_slack": -9.164497074286504e-43,
      "target_actual_ratio": 7.570917572869203e-05,
      "target_capacity_upper": 5.065180897319873e-05,
      "target_directional_candidate": 7.571578645310299e-05,
      "target_frame_volume": 3.113578278811489e-21,
      "target_full_singular_values": [
        0.0009492259354372445,
        2.330941529658331e-05,
        1.9579552766314073e-06,
        7.186511315225043e-08
      ],
      "target_gamma": 4.3384064382852666e-09,
      "target_gram_floor": 9.010298765066979e-19,
      "target_leading_upper": 0.0009492259354572977,
      "target_relative_spectrum": [
        8.358015799387129e-27,
        2.3355921358284135e-22,
        4.468691943583638e-20,
        1.8821770423755046e-17
      ],
      "target_sigma": 0.08,
      "target_tail_floor": 4.394130096115639e-43,
      "target_time": 3,
      "threshold": 1e-08
    },
    {
      "gamma_transfer_efficiency": 0.40910669277544587,
      "gamma_transfer_holds": true,
      "gamma_transfer_upper": 6.171751844019626e-06,
      "gauge_determinant": -7980.678340498695,
      "gram_alignment_error": 3.308734268698154e-24,
      "gram_alignment_holds": true,
      "matched_ratios": [
        3.7485023887413544,
        3.7245928063120226e-06,
        3.6085015680480925e-05,
        0.6273804201466722
      ],
      "minimum_sampled_tail_factor": 3.7485023887413544,
      "optimal_tail_factor": 3.7485023887413544,
      "pair_id": "0.16-0.08:left:1e-08:p0.75",
      "phase": 0.75,
      "sampled_optimality_holds": true,
      "side": "left",
      "source_actual_ratio": 3.502231772920726e-10,
      "source_capacity_upper": 6.782799123553519e-10,
      "source_directional_candidate": 1.0105090421843873e-06,
      "source_frame_volume": 3.009847422465189e-30,
      "source_full_singular_values": [
        0.00025742305844076926,
        2.5346784221749906e-08,
        1.773273509303841e-09,
        9.01555214353691e-14
      ],
      "source_gamma": 3.187715539229954e-06,
      "source_gram_floor": 6.62666310170067e-20,
      "source_leading_upper": 0.0002574230584608318,
      "source_relative_spectrum": [
        7.112076521622697e-26,
        1.254104944377126e-15,
        2.0508541627227049e-13,
        1.0161530359048117e-11
      ],
      "source_sigma": 0.16,
      "source_tail_floor": 8.093553209841489e-43,
      "source_time": 3,
      "tail_dominance_holds": true,
      "tail_minimum_slack": 2.0792343999321904e-38,
      "target_actual_ratio": 1.2344187790035019e-06,
      "target_capacity_upper": 3.2385606074072266e-05,
      "target_directional_candidate": 1.5886283070025292e-06,
      "target_frame_volume": 2.402062413270444e-26,
      "target_full_singular_values": [
        0.00014699460442124752,
        3.9273900130930525e-06,
        1.7817662735580357e-07,
        1.8145290010977912e-10
      ],
      "target_gamma": 2.5249049855376287e-06,
      "target_gram_floor": 2.160741372895927e-20,
      "target_leading_upper": 0.00014699460444128913,
      "target_relative_spectrum": [
        2.665963583021398e-25,
        4.671030254187383e-21,
        7.400510462022839e-18,
        6.375145185992772e-12
      ],
      "target_sigma": 0.08,
      "target_tail_floor": 3.852741589307571e-43,
      "target_time": 4,