{
  "approximate_center_reduced_infinity_upper": 9.99052388396886,
  "approximate_center_reduced_one_upper": 22.823325725506464,
  "approximate_center_reduced_two_upper": 15.100231149630568,
  "approximate_inverse_infinity_upper": 10.263377331096823,
  "approximate_inverse_one_upper": 1016.9137934287369,
  "approximate_inverse_two_upper": 102.16148968743643,
  "border_scale": 16.0,
  "bordered_inverse_two_upper": 102.16148969949678,
  "center": -0.9865481927458079,
  "center_reduced_inverse_two_upper": 15.100231161690903,
  "certificate_seconds": 57.128769997972995,
  "contour_ledger": {
    "affine_scalar_boundary_lower": 0.04999999999999987,
    "bordered_disk_invertible": true,
    "center_reduced_inverse_upper": 15.100231161690903,
    "center_transport_product_upper": 0.7550115580845455,
    "contour_left_channel_upper": 0.06990881309774001,
    "contour_reduced_inverse_upper": 61.636504333139094,
    "contour_resolvent_upper": 84.0073245249997,
    "contour_right_channel_upper": 16.000000000306308,
    "effective_scalar_boundary_lower": 0.049999999999652434,
    "radius": 0.05,
    "rouche_count_one": true,
    "scalar_error_upper": 3.474305133355467e-13
  },
  "critical_u_binary64": 1.5436890126920764,
  "dimension": 4096,
  "evidence_level": "rigorous_exact_stored_binary64_euclidean_grushin_certificate",
  "factor_nnz": 5835188,
  "factor_seconds": 4.355148256989196,
  "hashes": {
    "inverse_chunks": "00bd185001a40ffc9f1aa3cb5c686b84b0bae04613a86b2120d52999f14dd133",
    "residual_centers": "75bcee0910d65bcdf208e22124a0cf9e9b728522c695a7ab0e8d3ccd88aeceb3",
    "residual_radii": "ba9a56a5f63743b586e0944c2cb68b2a4945832ce0fb3271e8e31b5710137d80",
    "rh41_coarse_source": "2f964a0d8ff37df3533d0f0dd32ddb75e202edc1f5280db024bcc5dcbb59080c",
    "snapshot": "a1e2a6a3a32a6f7e68ec17b294bdb41d404c0dbeca1f5cb89aefe48ab4390d81",
    "source": "31ee1f6bdde69566f62309dab9eea8e69fbb870b7320bd5b174258782c3dc5f3"
  },
  "inverse_correction_two_upper": 1.2060332669162583e-08,
  "left_mode_two_ball": "[1.11854100948782823861924190322916346703654316878519360969704163676 +/- 3.97e-66]",
  "left_mode_two_upper": 1.1185410094878285,
  "left_residual_two_upper": 1.2332532624796962e-12,
  "left_right_gram_ball": "[1.00000000000000227739760935026532344662256516737320479457676473817 +/- 1.85e-66]",
  "left_right_gram_lower": 1.000000000000002,
  "left_right_gram_upper": 1.0000000000000024,
  "limitations": [
    "The certificate is for the exact stored binary64 4096 matrix.",
    "The continuum and sparse-family transfers are separate Hilbert-space perturbation theorems."
  ],
  "radius": 0.05,
  "residual_infinity_upper": 4.587902979431811e-11,
  "residual_one_upper": 3.037595322604199e-10,
  "residual_two_upper": 1.1805165238523326e-10,
  "right_mode_two_ball": "[1.00000000000000007371110833986681263406094432434599884402566112612 +/- 2.67e-66]",
  "right_mode_two_upper": 1.0000000000000002,
  "right_residual_two_upper": 3.106104383879701e-13,
  "sigma": 0.01,
  "status": "rigorous_exact_stored_euclidean_parity_circle_count_one"
}
