{
  "critical_u": 1.5436890126920764,
  "hilbert_schmidt_norms": {
    "kernel": 5.498549224045483,
    "source_first": 669.4643679538442,
    "source_second": 196077.8144593512,
    "source_target": 82003.42946714601,
    "target_first": 382.5709390504258,
    "target_second": 47446.56802953752
  },
  "kernel_L2_to_Linfinity_upper_pilot": 7.51125544407342,
  "maximum_row_L2_norms": {
    "kernel": 7.51125544407342,
    "source_first": 1159.5026529575805,
    "source_second": 438437.91663052567,
    "source_target": 144347.59300614987,
    "target_first": 531.1259658895373,
    "target_second": 65049.380292220085
  },
  "sigma": 0.01,
  "status": "floating_gauss_legendre_hilbert_constant_pilot",
  "x_order": 1024,
  "y_order": 2048
}
