{
  "dependencies": {
    "rh36_snapshot": {
      "path": "papers/RH-36-nested-grid-physical-count/results/nested_grid_snapshot_sigma_1e-02.npz",
      "sha256": "a1e2a6a3a32a6f7e68ec17b294bdb41d404c0dbeca1f5cb89aefe48ab4390d81"
    },
    "rh37_snapshot": {
      "path": "papers/RH-37-iterated-dyadic-physical-count/results/second_dyadic_fine_object_sigma_1e-02.npz",
      "sha256": "886c6985e3937b374e9f7ab40bef31d34351ad2f794d546b50011c100848544a"
    },
    "rh41_grushin_source": {
      "path": "papers/RH-41-validated-parity-continuum-contour/experiments/run_coarse_grushin_certificate.py",
      "sha256": "2f964a0d8ff37df3533d0f0dd32ddb75e202edc1f5280db024bcc5dcbb59080c"
    },
    "rh42_euclidean_grushin_source": {
      "path": "papers/RH-42-uniform-euclidean-parity-contour/src/euclidean_contour/grushin.py",
      "sha256": "78990d7b7f0f172ed70d3b821a6e92cc0432f7a5ffc233c585a22ad21d3dcd14"
    }
  },
  "evidence_level": "componentwise_outward_binary64_bordered_inverse_certificates",
  "levels": {
    "2048": {
      "approximate_center_reduced_infinity_upper": 9.988762457034385,
      "approximate_center_reduced_one_upper": 22.81221977210537,
      "approximate_center_reduced_two_upper": 15.095225881755585,
      "approximate_inverse_infinity_upper": 10.374665161827659,
      "approximate_inverse_one_upper": 719.0660437378467,
      "approximate_inverse_two_upper": 86.37169347083734,
      "border_scale": 16.0,
      "bordered_inverse_two_upper": 86.37169347451841,
      "center": -0.9865534036028739,
      "center_reduced_inverse_two_upper": 15.095225885436637,
      "certificate_seconds": 9.371051865979098,
      "contour_ledger": {
        "affine_scalar_boundary_lower": 0.05000000000000001,
        "bordered_disk_invertible": true,
        "center_reduced_inverse_upper": 15.095225885436637,
        "center_transport_product_upper": 0.7547612942718321,
        "contour_left_channel_upper": 0.069908112697899,
        "contour_reduced_inverse_upper": 61.55319504160481,
        "contour_resolvent_upper": 83.92379110523159,
        "contour_right_channel_upper": 16.00000000015689,
        "effective_scalar_boundary_lower": 0.049999999999821854,
        "radius": 0.05,
        "rouche_count_one": true,
        "scalar_error_upper": 1.7814610575076944e-13
      },
      "critical_u_binary64": 1.5436890126920764,
      "dimension": 2048,
      "factor_nnz": 1298065,
      "factor_seconds": 0.5445915140444413,
      "hashes": {
        "inverse_chunks": "22a82b925530cacbfa7bce238c144ee003cb6686e895cc4458eeaad637a7a5a1",
        "residual_centers": "ae6b5a45c7ae428d4a329f0ddcf5c34a8312b6ed8f0a66e87032634d5fc43dd6",
        "residual_radii": "296f185c5fb7223edeedca2914277b444abe66b335e81e1f47c496e12381653f",
        "snapshot": "a1e2a6a3a32a6f7e68ec17b294bdb41d404c0dbeca1f5cb89aefe48ab4390d81"
      },
      "inverse_correction_two_upper": 3.6810509907264067e-09,
      "left_mode_two_ball": "[1.11852980312805181463761370234770947074086211978478755701927846232 +/- 3.75e-66]",
      "left_mode_two_upper": 1.118529803128052,
      "left_residual_two_upper": 6.227314521751126e-13,
      "left_right_gram_ball": "[0.999999999999999656556956478729828394699844989239371739539833173828 +/- 6.6e-70]",
      "left_right_gram_lower": 0.9999999999999996,
      "left_right_gram_upper": 0.9999999999999998,
      "radius": 0.05,
      "residual_infinity_upper": 1.6496449556496917e-11,
      "residual_one_upper": 1.1010582969467424e-10,
      "residual_two_upper": 4.26187196597274e-11,
      "right_mode_two_ball": "[1.00000000000000027506867801479923793562689711057652240744408771879 +/- 4.55e-66]",
      "right_mode_two_upper": 1.0000000000000004,
      "right_residual_two_upper": 1.5926809035080272e-13,
      "sigma": 0.01,
      "snapshot_prefix": "coarse",
      "status": "rigorous_exact_stored_euclidean_parity_circle_count_one"
    },
    "4096": {
      "approximate_center_reduced_infinity_upper": 9.99052388396886,
      "approximate_center_reduced_one_upper": 22.823325725506464,
      "approximate_center_reduced_two_upper": 15.100231149630568,
      "approximate_inverse_infinity_upper": 10.263377331096823,
      "approximate_inverse_one_upper": 1016.9137934287369,
      "approximate_inverse_two_upper": 102.16148968743643,
      "border_scale": 16.0,
      "bordered_inverse_two_upper": 102.16148969949678,
      "center": -0.9865481927458079,
      "center_reduced_inverse_two_upper": 15.100231161690903,
      "certificate_seconds": 55.37946220795857,
      "contour_ledger": {
        "affine_scalar_boundary_lower": 0.04999999999999987,
        "bordered_disk_invertible": true,
        "center_reduced_inverse_upper": 15.100231161690903,
        "center_transport_product_upper": 0.7550115580845455,
        "contour_left_channel_upper": 0.06990881309774001,
        "contour_reduced_inverse_upper": 61.636504333139094,
        "contour_resolvent_upper": 84.0073245249997,
        "contour_right_channel_upper": 16.000000000306308,
        "effective_scalar_boundary_lower": 0.049999999999652434,
        "radius": 0.05,
        "rouche_count_one": true,
        "scalar_error_upper": 3.474305133355467e-13
      },
      "critical_u_binary64": 1.5436890126920764,
      "dimension": 4096,
      "factor_nnz": 5835188,
      "factor_seconds": 4.298720545019023,
      "hashes": {
        "inverse_chunks": "00bd185001a40ffc9f1aa3cb5c686b84b0bae04613a86b2120d52999f14dd133",
        "residual_centers": "75bcee0910d65bcdf208e22124a0cf9e9b728522c695a7ab0e8d3ccd88aeceb3",
        "residual_radii": "ba9a56a5f63743b586e0944c2cb68b2a4945832ce0fb3271e8e31b5710137d80",
        "snapshot": "a1e2a6a3a32a6f7e68ec17b294bdb41d404c0dbeca1f5cb89aefe48ab4390d81"
      },
      "inverse_correction_two_upper": 1.2060332669162583e-08,
      "left_mode_two_ball": "[1.11854100948782823861924190322916346703654316878519360969704163676 +/- 3.97e-66]",
      "left_mode_two_upper": 1.1185410094878285,
      "left_residual_two_upper": 1.2332532624796962e-12,
      "left_right_gram_ball": "[1.00000000000000227739760935026532344662256516737320479457676473817 +/- 1.85e-66]",
      "left_right_gram_lower": 1.000000000000002,
      "left_right_gram_upper": 1.0000000000000024,
      "radius": 0.05,
      "residual_infinity_upper": 4.587902979431811e-11,
      "residual_one_upper": 3.037595322604199e-10,
      "residual_two_upper": 1.1805165238523326e-10,
      "right_mode_two_ball": "[1.00000000000000007371110833986681263406094432434599884402566112612 +/- 2.67e-66]",
      "right_mode_two_upper": 1.0000000000000002,
      "right_residual_two_upper": 3.106104383879701e-13,
      "sigma": 0.01,
      "snapshot_prefix": "fine",
      "status": "rigorous_exact_stored_euclidean_parity_circle_count_one"
    },
    "8192": {
      "approximate_center_reduced_infinity_upper": 9.990783368927048,
      "approximate_center_reduced_one_upper": 22.827686570504294,
      "approximate_center_reduced_two_upper": 15.101869796143578,
      "approximate_inverse_infinity_upper": 10.18371011126653,
      "approximate_inverse_one_upper": 1438.1310916954703,
      "approximate_inverse_two_upper": 121.01863550637951,
      "border_scale": 16.0,
      "bordered_inverse_two_upper": 121.01863554625886,
      "center": -0.9865468907775788,
      "center_reduced_inverse_two_upper": 15.101869836022903,
      "certificate_seconds": 335.7615354869631,
      "contour_ledger": {
        "affine_scalar_boundary_lower": 0.05000000000000004,
        "bordered_disk_invertible": true,
        "center_reduced_inverse_upper": 15.101869836022903,
        "center_transport_product_upper": 0.7550934918011454,
        "contour_left_channel_upper": 0.06990898813809636,
        "contour_reduced_inverse_upper": 61.66381590709208,
        "contour_resolvent_upper": 84.03469211243402,
        "contour_right_channel_upper": 16.000000000604118,
        "effective_scalar_boundary_lower": 0.049999999999315176,
        "radius": 0.05,