{
  "continuum_complement_schur": {
    "blocks": {
      "coarse_consistency": 0.0,
      "coarse_dimension": 65536,
      "coarse_to_detail": 0.0032516041071894,
      "detail_block": 1.934516585674418e-06,
      "detail_to_coarse": 0.0018581560069043158
    },
    "coarse_dimension": 65536,
    "continuum_inside_count": 1,
    "improved_continuum_L2_resolvent_upper": 112.95503061584434,
    "resolvent_step": {
      "bottom_left_upper": 0.392148991847931,
      "bottom_right_upper": 1.0685309617241285,
      "coarse_dimension": 65536,
      "coarse_resolvent_upper": 112.86683027872749,
      "count_transfers": true,
      "detail_resolvent_upper": 1.0677529179292797,
      "fine_resolvent_upper": 112.95503061584434,
      "minimum_boundary_modulus": 0.9365481927458077,
      "schur_inverse_upper": 112.94907340395623,
      "schur_neumann_product_upper": 0.0007281434256176882,
      "self_energy_upper": 6.451350000877312e-06,
      "top_right_upper": 0.22409677832322303
    },
    "weighted_riesz_transport": {
      "bottom_left_upper": 0.020324066439353184,
      "bottom_right_upper": 4.032399447135842e-05,
      "coarse_dimension": 65536,
      "top_left_difference_upper": 0.004262448141078832,
      "top_right_upper": 0.011614355528554748,
      "weighted_term_difference_upper": 0.023793507962358764
    }
  },
  "contour": {
    "center": -0.9865481927458079,
    "maximum_modulus_upper": 1.036548192745808,
    "minimum_modulus_lower": 0.9365481927458077,
    "radius": 0.05
  },
  "evidence_level": "analytic_weighted_riesz_and_haar_theorems_plus_outward_arb_and_binary64_certificates",
  "gate_summary": {
    "all_three_stored_factors_are_spectral": true,
    "continuum_L2_resolvent_upper": 112.95503061584434,
    "continuum_complement_schur_product_upper": 0.0007281434256176882,
    "maximum_factor_correction_product_upper": 3.2751857637219206e-10,
    "maximum_haar_target_deviation": 0.0003931292394472319,
    "maximum_stored_weighted_term_error_upper": 1.42643999933251e-09,
    "uniform_fixed_and_adaptive_sparse_resolvent_upper": 267.81252084743886,
    "uniform_intrinsically_deflated_cutoff_upper": 7.277844418892396e-10,
    "uniform_matrix_threshold_dimension": 65536,
    "uniform_weighted_riesz_cutoff_upper": 7.275887086007192e-10
  },
  "improved_uniform_matrix_family": {
    "adaptive_deflated_operator_rate": "O(n^-2 (log n)^-1/4) relative to the full deflated family",
    "adaptive_weighted_term_to_continuum_midpoint_kernel_rate": "O(n^-2 (log n)^-1/4)",
    "applies_to_every_larger_dimension": true,
    "certified_threshold_dimension": 65536,
    "continuum_to_midpoint_defect_upper_at_threshold": 0.0051129297399773255,
    "cutoff": {
      "declared_multiple": 8.0,
      "dimension": 65536,
      "infinity_norm_upper": 1.0583428035557253e-14,
      "omitted_frobenius_square_upper": 1.1199265849428128e-26,
      "omitted_mass_upper": 5.291714017778625e-15,
      "renormalization_frobenius_square_upper": 2.711225438558142e-26,
      "spectral_norm_upper": 1.9573328852039852e-13
    },
    "fixed_eight_sigma_convergence_to_full_claimed": false,
    "full_transfer": {
      "admissible": true,
      "base_resolvent_upper": 267.3688881197896,
      "neumann_product_upper": 0.0016565047527645261,
      "perturbation_upper": 6.19557781914536e-06,
      "transferred_resolvent_upper": 267.8125208334001
    },
    "full_weighted_term_to_continuum_midpoint_kernel_rate": "O(n^-2)",
    "midpoint_transfer": {
      "admissible": true,
      "base_resolvent_upper": 112.95503061584434,
      "neumann_product_upper": 0.5775311353158,
      "perturbation_upper": 0.0051129297399773255,
      "transferred_resolvent_upper": 267.3688881197896
    },
    "normalization": {
      "continuum_midpoint_norm_upper": 5.4985523936756255,
      "dimension": 65536,
      "normalizer_lower": 0.012533141373155001,
      "normalizer_midpoint_error_upper": 1.4121892389669864e-08,
      "relative_row_scaling_upper": 1.1267652603022285e-06,
      "spectral_norm_defect_upper": 6.19557781914536e-06
    },
    "sparse_transfer": {
      "admissible": true,
      "base_resolvent_upper": 267.8125208334001,
      "neumann_product_upper": 5.241982540965915e-11,
      "perturbation_upper": 1.9573328852039852e-13,
      "transferred_resolvent_upper": 267.81252084743886
    },
    "uniform_fixed_and_adaptive_sparse_resolvent_upper": 267.81252084743886,
    "uniform_full_resolvent_upper": 267.8125208334001,
    "uniform_intrinsically_deflated_cutoff_upper": 7.277844418892396e-10,
    "uniform_weighted_riesz_cutoff_upper": 7.275887086007192e-10
  },
  "intrinsic_continuum_kernel": {
    "continuum_kernel_L2_distance_from_center_upper": 2.4271761397945286,
    "continuum_operator_distance_from_center_upper": 1.716272707582898,
    "definition": "Q_-(K;Gamma)=(2 pi i)^-1 integral_Gamma z(z-K)^-1 dz",
    "envelope": {
      "kernel_hilbert_schmidt_upper": 5.854166642320046,
      "midpoint_dimension": 65536,
      "midpoint_to_cell_average_upper": 1.7901255123532672e-05,
      "projection_operator_norm_upper": 5.647751530792219,
      "source_first_hilbert_schmidt_upper": 3780.9684089447555,
      "source_second_hilbert_schmidt_upper": 1107398.8294236271,
      "source_second_target_second_hilbert_schmidt_upper": 56102085212.45975,
      "source_target_hilbert_schmidt_upper": 1544489.270236306,
      "target_first_hilbert_schmidt_upper": 2160.6656066961727,
      "target_second_hilbert_schmidt_upper": 267966.59357667604,
      "weighted_operator_norm_upper": 5.854166642320046
    },
    "kernel_lower_norm_from_eigenvalue_modulus": 0.9365481927458077,
    "piecewise_constant_4096_center": "stored binary64 lambda_0 r_0 l_0^T/(l_0^T r_0) lifted to V_4096",
    "rank": 1,
    "real_smooth_kernel": true
  },
  "intrinsic_deflation": {
    "continuum_operator": "K_perp=K-Q_-(K;Gamma)",
    "matrix_operator": "P_n_perp=P_n-Q_-(P_n;Gamma)",
    "parity_eigenvalue_is_replaced_by_zero": true,
    "remaining_spectrum_is_unchanged_away_from_zero": true
  },
  "limitations": [
    "The theorem is at the fixed positive noise width sigma=1/100.",
    "The intrinsic kernel is enclosed in L2 and derivative Hilbert-Schmidt norms; no pointwise interval plot of the exact continuum kernel is claimed.",
    "The explicit all-dimension theorem concerns exact-real Gaussian formulas, while the three stored factor certificates concern their archived binary64 matrices.",
    "The Perron weighted term is not included in the validated rank-one construction; rank-two deflation is a later step.",
    "The fixed eight-sigma family is uniformly stable but is not claimed to converge to the full kernel in row norm.",
    "No zero-noise limit, arithmetic trace formula, zeta-zero identification, self-adjoint Hilbert-Polya operator, or Riemann-hypothesis claim is made."
  ],
  "publication_artifact_hashes": {
    ".gitignore": "659fa0e1e709143253982263bb45dd529f74f96591e94873364916c59aa84484",
    "README.md": "387af97430eb0ab6ad3d296769adc29a93f14ab2cc46d6f1748c67d1d6b4ecd8",
    "figures/validated_weighted_parity_kernel.pdf": "44e3e6b8ed4bebe1ae8564d0f137e79345fdbc931a64b54ee67c06005b574982",
    "figures/validated_weighted_parity_kernel.png": "85dfa14296dbbfbc7b1292a4d88e0af4be9ebe95eb4359ebd4e557b56e75b17e",
    "main.tex": "b431a2362088b58179712387c08d31512f290649dd34a4aeb0b43fc8111ed179",
    "pyproject.toml": "ec9b4cc14e00d70e16f216970db3016ea3d4f797cfeddae78c30e4ca202b47a0",
    "references.bib": "99565cb3e428c0442df4412c665767a4b161094d5ba376c063a86e4a02f525cf",
    "requirements.txt": "ec5853f9fb381ed75d2fcaadc5084ec947ca4b85c4b5d426fc1d327121a26e29",
    "validated-weighted-riesz-parity-kernel.pdf": "eb49b4817018f2b3a5653abcae3e0365a6aec6b76351167213bbea974b939e12"
  },
  "result_hashes": {
    "results/dependency_manifest.json": "754ad7733cf0739e847ed59b4e5e5f7b5970a95b4c174421fdbeaeb8132c17b5",
    "results/multilevel_euclidean_grushin.json": "7a3edbb61a6425ef5b5de7d34136f5f8bf6c53fac5454f6d251102934717cad8",