{
  "all_executed_channels_green": true,
  "parity_contour_radius": 0.01,
  "precision_bits": 160,
  "route_consequence": "The exact stochastic repaired fine/coarse matrices now have validated Perron and parity rank-two deflations. The remaining finite-scale upstream task is to propagate these factor balls through normalized source/observation construction and execute the augmented Hardy difference bridge.",
  "rows": [
    {
      "all_channels_green": true,
      "channels": [
        {
          "all_channel_gates_green": true,
          "approximate_parity_gram_ball": "[0.99999999999999989783219560917675846146953621139 +/- 2.77e-48]",
          "approximate_parity_gram_lower": 0.9999999999999998,
          "approximate_parity_gram_upper": 1.0,
          "center_reduced_inverse_ball": "[6.519575515364543260131435705511597244374722969 +/- 2.28e-46]",
          "deflated_bulk_two_norm_error_ball": "[3.3037263891233002048322825366698297010241225514e-14 +/- 8.08e-61]",
          "deflated_bulk_two_norm_error_upper": 3.303726389123301e-14,
          "dimension": 32,
          "elapsed_seconds": 0.04650586494244635,
          "left_residual_ball": "[2.0262444044677271924303338191339671840470421691e-15 +/- 4.54e-62]",
          "minimum_other_eigenvalue_distance_diagnostic": 0.8679187120442845,
          "name": "fine",
          "parity_contour": {
            "affine_scalar_boundary_lower": 0.009999999999999998,
            "bordered_disk_invertible": true,
            "center_reduced_inverse_upper": 6.5195755153645445,
            "center_transport_product_upper": 0.06519575515364547,
            "contour_left_channel_upper": 1.0936167712063132,
            "contour_reduced_inverse_upper": 6.9742681971198275,
            "contour_resolvent_upper": 116.33594531777574,
            "contour_right_channel_upper": 1.0000000000000149,
            "effective_scalar_boundary_lower": 0.009999999999997908,
            "radius": 0.01,
            "rouche_count_one": true,
            "scalar_error_upper": 2.0888507580685935e-15
          },
          "parity_left": {
            "inverse_certified": true,
            "inverse_frobenius_ball": "[6.5195755153645344262490686233094904869272373644 +/- 4.11e-47]",
            "inverse_frobenius_upper": 6.519575515364536,
            "inverse_residual_frobenius_ball": "[1.374199135544004879506884890126955127010426254e-15 +/- 2.91e-61]",
            "inverse_residual_frobenius_upper": 1.374199135544005e-15,
            "left_eigenvector_certified": true,
            "left_solve_beta_zero_ball": "[1.8903466242308002345720473471085166912008894414e-15 +/- 2.51e-62]",
            "left_solve_total_defect_ball": "[2.2863115301254517659458586885507170304631326002e-14 +/- 5.48e-61]",
            "left_solve_total_defect_upper": 2.286311530125452e-14,
            "left_two_norm_error_ball": "[2.5390985738098536445709523936122814902388230730e-14 +/- 4.05e-61]",
            "left_two_norm_error_upper": 2.539098573809854e-14
          },
          "parity_projector": {
            "normalization_error_ball": "[3.6046271813992004381981101641762743329263982263e-15 +/- 6.29e-62]",
            "normalization_error_upper": 3.604627181399201e-15,
            "normalization_gram_lower": 0.9999999999999963,
            "normalization_gram_lower_ball": "[0.99999999999999639537281860079956180188983582373 +/- 5.08e-48]",
            "numerator_error_ball": "[2.8995612919497733944255505967716227277737917562e-14 +/- 9.00e-61]",
            "numerator_error_upper": 2.899561291949774e-14,
            "projector_two_norm_error_ball": "[3.2937693659022105003019728848936741329771753084e-14 +/- 7.98e-61]",
            "projector_two_norm_error_upper": 3.2937693659022114e-14
          },
          "parity_right": {
            "inverse_certified": true,
            "inverse_frobenius_ball": "[6.5195755153645342923633954152225080880094787975 +/- 5.31e-47]",
            "inverse_frobenius_upper": 6.519575515364536,
            "inverse_residual_frobenius_ball": "[1.375514098909682572360399363768477930290368249e-15 +/- 4.86e-61]",
            "inverse_residual_frobenius_upper": 1.3755140989096828e-15,
            "left_norm_ball": "[1.0936167712062981563496337733710881272633437572 +/- 5.17e-48]",
            "newton_beta_ball": "[1.6480303138653770494763632246075292038828026926e-15 +/- 2.87e-62]",
            "newton_contraction_ball": "[2.2864430264620194911016805280746275967935245791e-14 +/- 7.33e-61]",
            "newton_contraction_upper": 2.2864430264620198e-14,
            "newton_radius_ball": "[3.2960606277307588192173466777888631933001654765e-15 +/- 4.59e-62]",
            "newton_radius_upper": 3.2960606277307592e-15,
            "newton_self_map_ball": "[1.6480303138654524120247339348071467233622981609e-15 +/- 1.93e-62]",
            "parity_value_center": -0.8679541369576964,
            "right_eigenpair_certified": true,
            "right_norm_ball": "[0.99999999999999988422457645188195004213071808038 +/- 3.49e-48]",
            "right_residual_ball": "[1.9100390676749455039500205679401399252703697126e-15 +/- 2.28e-62]"
          },
          "parity_value_center": -0.8679541369576964,
          "perron_projector_two_norm_error_ball": "[8.442292366402564496656181938201766627715454878e-16 +/- 5.61e-62]",
          "perron_projector_two_norm_error_upper": 8.442292366402565e-16,
          "rank_two_projector_two_norm_error_ball": "[3.3781922895662361452685347042756917992543298572e-14 +/- 7.41e-61]",
          "rank_two_projector_two_norm_error_upper": 3.378192289566237e-14,
          "stationary": {
            "inverse_certified": true,
            "inverse_frobenius_ball": "[5.7246678683475060706651076573703221505148083260 +/- 3.56e-47]",
            "inverse_frobenius_upper": 5.724667868347507,
            "inverse_residual_frobenius_ball": "[1.099035637055836269464502369773662666505822696e-15 +/- 4.26e-61]",
            "inverse_residual_frobenius_upper": 1.0990356370558364e-15,
            "perron_projector_two_norm_error_upper": 8.442292366402566e-16,
            "perron_simple_certified": true,
            "preconditioned_stationary_residual_ball": "[1.4924005452606680279476116385842466234717406338e-16 +/- 1.48e-63]",
            "stationary_normalization_defect": 0.0,
            "stationary_residual_ball": "[2.0255353635272157063439979078003546780259676421e-16 +/- 1.46e-63]",
            "stationary_two_norm_error_ball": "[1.4924005452606696681489956416217453983267931698e-16 +/- 4.03e-63]",
            "stationary_two_norm_error_upper": 1.4924005452606699e-16
          }
        },
        {
          "all_channel_gates_green": true,
          "approximate_parity_gram_ball": "[1.0000000000000000132705250449999489052380601086 +/- 3.94e-47]",
          "approximate_parity_gram_lower": 0.9999999999999999,
          "approximate_parity_gram_upper": 1.0000000000000002,
          "center_reduced_inverse_ball": "[4.6179790948677790636887849356069508423770458113 +/- 6.32e-47]",
          "deflated_bulk_two_norm_error_ball": "[1.904232782764081308189159638157140255234851412e-14 +/- 5.04e-60]",
          "deflated_bulk_two_norm_error_upper": 1.9042327827640816e-14,
          "dimension": 16,
          "elapsed_seconds": 0.012794925947673619,
          "left_residual_ball": "[1.2437668385559903247392909570243164184994965331e-15 +/- 4.72e-62]",
          "minimum_other_eigenvalue_distance_diagnostic": 0.8650463675914982,
          "name": "coarse",
          "parity_contour": {
            "affine_scalar_boundary_lower": 0.009999999999999997,
            "bordered_disk_invertible": true,
            "center_reduced_inverse_upper": 4.61797909486778,
            "center_transport_product_upper": 0.04617979094867782,
            "contour_left_channel_upper": 1.090972912372203,
            "contour_reduced_inverse_upper": 4.841561387612939,
            "contour_resolvent_upper": 113.93885262484788,