{
  "audit": {
    "eligible_cosine_loss_correlation": -0.17448228776463215,
    "finite_nonzero_natural_pair_count": 42,
    "infinite_natural_factor_count": 24,
    "maximum_eligible_natural_to_optimal_log10": 9.986569358911606,
    "maximum_gram_alignment_error": 3.7216712093748164e-18,
    "maximum_natural_to_optimal_log10": 9.986569358911606,
    "maximum_principal_angle": 1.56919232088423,
    "median_eligible_natural_to_optimal_log10": 1.8674081000014944,
    "median_natural_to_optimal_log10": 0.876905716411452,
    "median_principal_cosine": 0.29434384289633964,
    "minimum_eligible_natural_to_optimal_log10": 0.6765392463441912,
    "minimum_natural_to_optimal_log10": 0.0,
    "minimum_principal_cosine": 0.0016040052228596447,
    "natural_positive_transfer_count": 65,
    "natural_positive_transport_eligible_count": 35,
    "natural_recovers_all_optimal_positive_count": 65,
    "optimal_positive_lost_by_natural_count": 2,
    "optimal_positive_transfer_count": 67,
    "optimal_positive_transport_eligible_count": 37,
    "pair_count": 96,
    "scale_count": 5
  },
  "program_boundary": {
    "dyadic_packet_polar_gauge_constructed": true,
    "exact_gram_metric_lift_theorem": true,
    "five_scale_natural_gauge_audited": true,
    "hilbert_polya_operator": false,
    "natural_factor_dominates_optimal_factor": true,
    "physical_all_level_affine_recurrence_proved": false,
    "riemann_hypothesis": false,
    "uniform_natural_tail_factor_proved": false,
    "uniform_principal_angle_law_proved": false,
    "uniform_stage_A_closed": false
  },
  "publication_artifact_hashes": {
    ".gitignore": "ae0ad9a2a2f6a742c2435fea5f8290aca38a8e5d7431739f93e688e8ff628ecc",
    "README.md": "16fdc933f86b1a815951a1036033d6b1f3c83750ba99c0eab316da52fd7875ff",
    "THEOREM_LEDGER.md": "0248a8ffb96ca887bb448388e16ab3db23fa6ee510c58e751d911ccce9fe346b",
    "UPDATED_ROADMAP.md": "873f5605d1bdb6d7c0cbc3567a38221104d892a710a709b191c8a488f4c610ae",
    "dyadic-packet-transport-gauge.pdf": "fd45b19f8d106bb11ab65437631091da86b38706edf5397aa847092083342938",
    "figures/dyadic_packet_transport_gauge.pdf": "35fdaa0bbb2ad83bcb6c61646d0434a2c07453a4828c26d376c9d73a21ff89af",
    "figures/dyadic_packet_transport_gauge.png": "9195a630c1d96fd94e5fd5a799e1aa6b06f80b61497fd47078b9e4a90d6a3692",
    "main.pdf": "fd45b19f8d106bb11ab65437631091da86b38706edf5397aa847092083342938",
    "main.tex": "a67d653186ed73ec5acfa5e7b96394effbaf7222edbfd44949e90bcc06f58a30",
    "pyproject.toml": "cf3134ffab1edcb4b338f50315074eca7c2b7ee3bd2c65a1f9adedbab6150a39",
    "references.bib": "033096f2445e5414634491d60e5c9360d26080fe3086fa26355434fd5a755ba2",
    "requirements.txt": "ee0b3b059c46c177bd2fc41734441b41074392b6b173bbef4fd36a8c06d93531"
  },
  "result_hashes": {
    "results/dependency_manifest.json": "bf1f31ac84a024eb37f8db95ed2ea99193ca26eeee3c9f7e835c2b809a595fa3",
    "results/dyadic_gauge_audit.json": "eacfae7ef5982405145dd33528dcfbfdf59e555e3870ef8cf600894005363493",
    "results/dyadic_gauge_smoke.json": "b3fddca7ea75ab981909b8f451a2b256ab7ef62f249edaf5e80284ada2cf42e9"
  },
  "route_consequence": "The model's dyadic isometry and recursively generated packet frames determine a genuine natural cross-scale polar gauge. Its exact-Gram metric lift can be compared directly with the post-hoc minimax gauge. Principal-angle coherence alone need not imply tail coherence; the finite audit quantifies the resulting optimality loss and decides whether this natural gauge preserves the positive transfers.",
  "status": "rh133_dyadic_packet_transport_gauge_archived",
  "theorem": {
    "natural_dyadic_exact_gram_lift": true,
    "principal_angle_only_obstruction": true,
    "relative_tail_coherence_sufficient_bound": true
  }
}
