{
  "evidence_level": "floating_not_validated",
  "levels": {
    "2048_to_4096": {
      "coarse_dimension": 2048,
      "components": {
        "bulk_one_step": {
          "coarse_consistency": {
            "largest_singular_value": 0.00035757232059892074,
            "leading_singular_values": [
              0.00035757232059892074,
              0.00035730582774314555,
              0.0003530906363286039,
              0.0003521723555328302,
              0.00034979435473920264,
              0.0003468919535192941
            ],
            "seconds": 1.3576241320115514
          },
          "coarse_to_detail": {
            "largest_singular_value": 0.016460086997610018,
            "leading_singular_values": [
              0.016460086997610018,
              0.016375206461830067,
              0.01628434750389939,
              0.016185474964790184,
              0.01606164609928221,
              0.015929667282240666
            ],
            "seconds": 0.8695379940327257
          },
          "detail_block": {
            "largest_singular_value": 0.0002437074438557429,
            "leading_singular_values": [
              0.0002437074438557429,
              0.00024244894807037544,
              0.00024110974424697062,
              0.00023961485124227393,
              0.00023784880165387493,
              0.000235779672947596
            ],
            "seconds": 0.9386752609862015
          },
          "detail_to_coarse": {
            "largest_singular_value": 0.015675944331906607,
            "leading_singular_values": [
              0.015675944331906607,
              0.010944169526686571,
              0.008675473388106395,
              0.00821766901216727,
              0.007440981145693298,
              0.007221996127450464
            ],
            "seconds": 0.5344495619647205
          }
        },
        "markov": {
          "coarse_consistency": {
            "largest_singular_value": 0.0003575522788108893,
            "leading_singular_values": [
              0.0003575522788108893,
              0.00035730009015162587,
              0.00035307900399964216,
              0.0003521723098018674,
              0.0003497686244792316,
              0.00034689145413084333
            ],
            "seconds": 1.3631832429673523
          },
          "coarse_to_detail": {
            "largest_singular_value": 0.01646008513535998,
            "leading_singular_values": [
              0.01646008513535998,
              0.016375209483762282,
              0.01628426690447104,
              0.016185026179455338,
              0.016061606647388097,
              0.015929212416206096
            ],
            "seconds": 0.8551716540241614
          },
          "detail_block": {
            "largest_singular_value": 0.00024370745111816335,
            "leading_singular_values": [
              0.00024370745111816335,
              0.000242449024609017,
              0.00024111006468284046,
              0.00023961551193495131,
              0.00023785051198369929,
              0.00023578143579908707
            ],
            "seconds": 0.8566078789881431
          },
          "detail_to_coarse": {
            "largest_singular_value": 0.015970604322664547,
            "leading_singular_values": [
              0.015970604322664547,
              0.011075336549899959,
              0.008687826509105124,
              0.008250579132258554,
              0.007444869701802692,
              0.007239214842484917
            ],
            "seconds": 0.523084916989319
          }
        },
        "peripheral": {
          "coarse_consistency": {
            "largest_singular_value": 6.567369299865658e-05,
            "leading_singular_values": [
              6.567369299865658e-05,
              4.339015913244429e-05,
              2.7890711739732833e-05,
              1.266951071813233e-15,
              6.987727728781899e-18,
              1.5953601581165414e-18
            ],
            "seconds": 0.004983330029062927
          },
          "coarse_to_detail": {
            "largest_singular_value": 0.0025743573939805203,
            "leading_singular_values": [
              0.0025743573939805203,
              5.125152445973618e-16,
              2.4535857184408798e-21,
              2.4715502788480376e-23,
              1.7530036851714566e-23,
              8.462929991816476e-26
            ],
            "seconds": 0.00407010898925364
          },
          "detail_block": {
            "largest_singular_value": 6.24450559912511e-06,
            "leading_singular_values": [
              6.24450559912511e-06,
              7.878220444674218e-19,
              1.6969426690419457e-22,
              4.5417297628486766e-23,
              3.0839980050637817e-23,
              4.6755992999037666e-24
            ],
            "seconds": 0.0036372739705257118
          },
          "detail_to_coarse": {
            "largest_singular_value": 0.0032466341257252787,
            "leading_singular_values": [
              0.0032466341257252787,
              0.001373057741767276,
              1.7373470376609112e-32,
              7.498364483963704e-33,
              2.386175999195773e-33,
              6.657273636346983e-34
            ],
            "seconds": 0.003758990962523967
          }
        },
        "physical_two_step": {
          "coarse_consistency": {
            "largest_singular_value": 0.00019887439397583653,
            "leading_singular_values": [
              0.00019887439397583653,
              0.0001844332326183004,
              0.0001816767965058876,
              0.0001733161103688543,
              0.00016954370704662744,
              0.00016107626167088745
            ],
            "seconds": 1.297429982048925
          },
          "coarse_to_detail": {
            "largest_singular_value": 0.011321407663219223,
            "leading_singular_values": [
              0.011321407663219223,
              0.011319854618900421,
              0.010806356755893674,
              0.010796574055709125,
              0.010253399815154024,
              0.010191190986111117
            ],
            "seconds": 0.9762474030139856
          },
          "detail_block": {
            "largest_singular_value": 0.00013052084468122364,
            "leading_singular_values": [
              0.00013052084468122364,
              0.00012991109944894528,
              0.00011673477818757862,
              0.00011538770353160362,
              0.00010539072192283756,
              0.00010360913390522806
            ],
            "seconds": 0.8221160299726762
          },
          "detail_to_coarse": {
            "largest_singular_value": 0.013722627436918515,
            "leading_singular_values": [
              0.013722627436918515,
              0.009133494559074957,
              0.006580068603811102,
              0.006049965152279683,
              0.005062166872451732,
              0.004796658566643473
            ],
            "seconds": 0.6319663269678131
          }
        }
      },
      "fine_dimension": 4096
    },
    "4096_to_8192": {
      "coarse_dimension": 4096,
      "components": {
        "bulk_one_step": {
          "coarse_consistency": {
            "largest_singular_value": 8.941259107871102e-05,
            "leading_singular_values": [
              8.941259107871102e-05,
              8.934626242274842e-05,
              8.829060836497218e-05,
              8.80620043272988e-05,
              8.746656349855997e-05,
              8.674206105985118e-05
            ],
            "seconds": 5.6273134460207075
          },
          "coarse_to_detail": {
            "largest_singular_value": 0.008231462706370174,
            "leading_singular_values": [
              0.008231462706370174,
              0.008189040069099242,
              0.008143627460418365,
              0.008094196885993435,
              0.008032317757915125,
              0.007966278262456435
            ],