schema_version,case_id,reference_seed,m_start,m_length,n_start,n_length,w,y,h,base_primes,active_primes,inactive_prime_divisors_of_h,kappa_exact,survivor_rows,survivor_columns,allowed_kernel_entries,raw_centered_sum_exact,raw_interval_normalized_exact,raw_interval_normalized_float,survivor_normalized_exact,survivor_normalized_float,raw_interval_operator_normalization,survivor_operator_normalization,survivor_double_centered_operator_normalization,exact_zero_margins,two_constructions_agree
1,base-h2,20260713,101,30,151,28,2,13,2,3;5;7;11;13,3;5;7;11;13,,33/128,12,11,32,-260/33,-13/1386,-0.00937950937951,-65/1089,-0.0596877869605,0.415893751936,1.04914393254,1.04709496662,true,true
1,base-h6,20260713,101,30,151,28,2,13,6,3;5;7;11;13,5;7;11;13,3,33/64,12,11,67,-68/33,-17/6930,-0.0024531024531,-17/1089,-0.0156106519743,0.203568148446,0.513526079211,0.497448837497,true,true
1,base-h30,20260713,101,30,151,28,2,13,30,3;5;7;11;13,7;11;13,3;5,11/16,12,11,87,-60/11,-1/154,-0.00649350649351,-5/121,-0.0413223140496,0.148218058824,0.373898565159,0.35732183931,true,true
1,base-h-minus6,20260713,101,30,151,28,2,13,-6,3;5;7;11;13,5;7;11;13,3,33/64,12,11,63,-108/11,-9/770,-0.0116883116883,-9/121,-0.0743801652893,0.207752405776,0.524081390921,0.522401893949,true,true
1,translated-h2,20260713,317,31,509,29,3,19,2,5;7;11;13;17;19,5;7;11;13;17;19,,935/2048,16,15,116,13168/935,13168/840565,0.0156656534593,823/14025,0.0586809269162,0.260164765497,0.503526931505,0.492544360672,true,true
1,translated-h10,20260713,317,31,509,29,3,19,10,5;7;11;13;17;19,7;11;13;17;19,5,935/1536,16,15,144,-3216/935,-3216/840565,-0.00382599798945,-67/4675,-0.0143315508021,0.180539221676,0.349418416184,0.33840277856,true,true
1,complete-p5,20260713,1,4,1,4,3,5,2,5,5,,3/4,4,4,12,0,0,0,0,0,0.333333333333,0.333333333333,0.333333333333,true,true
