{
  "all_fixed_eight_above_adaptive_requirement": true,
  "evidence_level": "256-bit Arb interval evaluation of RH-39 formulas",
  "largest_dimension": 40960,
  "maximum_fixed_eight_two_norm_upper": 5.594052732053419e-13,
  "precision_bits": 256,
  "rows": [
    {
      "adaptive": {
        "arb_two_norm_ball": "[3.15124127124717259413176927412817081956312982260403139476071690955003770759e-6 +/- 6.45e-81]",
        "declared_multiple": 5.522542525380642,
        "dimension": 2048,
        "effective_multiple_upper": 5.664062500000001,
        "omitted_mass_upper": 8.441148205751948e-08,
        "sigma": 0.01,
        "support_half_width": 116,
        "two_norm_upper": 3.151241271247173e-06
      },
      "dimension": 2048,
      "fixed_eight": {
        "arb_two_norm_ball": "[1.25086821785898594164319595049086000334863803566828974934755141057905051492e-13 +/- 1.93e-88]",
        "declared_multiple": 8.0,
        "dimension": 2048,
        "effective_multiple_upper": 8.105468750000002,
        "omitted_mass_upper": 3.2335576266423087e-15,
        "sigma": 0.01,
        "support_half_width": 166,
        "two_norm_upper": 1.250868217858986e-13
      },
      "sigma": 0.01
    },
    {
      "adaptive": {
        "arb_two_norm_ball": "[8.7715068157213019148393441552219180544742083801524966439190473349965606278e-7 +/- 5.41e-81]",
        "declared_multiple": 5.844966969293686,
        "dimension": 5120,
        "effective_multiple_upper": 5.957031250000001,
        "omitted_mass_upper": 1.4792311375761328e-08,
        "sigma": 0.004,
        "support_half_width": 122,
        "two_norm_upper": 8.771506815721303e-07
      },
      "dimension": 5120,
      "fixed_eight": {
        "arb_two_norm_ball": "[1.97779631057505231422704236909369970911248300969267831536178894698091279200e-13 +/- 9.17e-88]",
        "declared_multiple": 8.0,
        "dimension": 5120,
        "effective_multiple_upper": 8.105468750000002,
        "omitted_mass_upper": 3.2335576266423087e-15,
        "sigma": 0.004,
        "support_half_width": 166,
        "two_norm_upper": 1.9777963105750525e-13
      },
      "sigma": 0.004
    },
    {
      "adaptive": {
        "arb_two_norm_ball": "[2.73655653297106828289358244359011769233288541851075584217763743049552412688e-7 +/- 7.13e-82]",
        "declared_multiple": 6.07751821012278,
        "dimension": 10240,
        "effective_multiple_upper": 6.201171875000001,
        "omitted_mass_upper": 3.251050792301167e-09,
        "sigma": 0.002,
        "support_half_width": 127,
        "two_norm_upper": 2.736556532971069e-07
      },
      "dimension": 10240,
      "fixed_eight": {
        "arb_two_norm_ball": "[2.7970263660267090126531679172715307151330751868452978967255226819223829657e-13 +/- 5.82e-87]",
        "declared_multiple": 8.0,
        "dimension": 10240,
        "effective_multiple_upper": 8.105468750000002,
        "omitted_mass_upper": 3.2335576266423087e-15,
        "sigma": 0.002,
        "support_half_width": 166,
        "two_norm_upper": 2.7970263660267097e-13
      },
      "sigma": 0.002
    },
    {
      "adaptive": {
        "arb_two_norm_ball": "[8.0548958456668356112160236887645549722781017980980268677586397788144116047e-8 +/- 4.47e-82]",
        "declared_multiple": 6.301493181509742,
        "dimension": 20480,
        "effective_multiple_upper": 6.445312500000001,
        "omitted_mass_upper": 6.741597454074019e-10,
        "sigma": 0.001,
        "support_half_width": 132,
        "two_norm_upper": 8.054895845666837e-08
      },
      "dimension": 20480,
      "fixed_eight": {
        "arb_two_norm_ball": "[3.9555926211501046284540847381873994182249660193853566307235778939618255840e-13 +/- 1.84e-87]",
        "declared_multiple": 8.0,
        "dimension": 20480,
        "effective_multiple_upper": 8.105468750000002,
        "omitted_mass_upper": 3.2335576266423087e-15,
        "sigma": 0.001,
        "support_half_width": 166,
        "two_norm_upper": 3.955592621150105e-13
      },
      "sigma": 0.001
    },
    {
      "adaptive": {
        "arb_two_norm_ball": "[3.11183402011907813730910920520485298738364856243534722228368822870037245579e-8 +/- 8.72e-83]",
        "declared_multiple": 6.517776080754352,
        "dimension": 40960,
        "effective_multiple_upper": 6.640625000000001,
        "omitted_mass_upper": 1.836291483985927e-10,
        "sigma": 0.0005,
        "support_half_width": 136,
        "two_norm_upper": 3.111834020119079e-08
      },
      "dimension": 40960,
      "fixed_eight": {
        "arb_two_norm_ball": "[5.5940527320534180253063358345430614302661503736905957934510453638447659313e-13 +/- 2.79e-87]",
        "declared_multiple": 8.0,
        "dimension": 40960,
        "effective_multiple_upper": 8.105468750000002,
        "omitted_mass_upper": 3.2335576266423087e-15,
        "sigma": 0.0005,
        "support_half_width": 166,
        "two_norm_upper": 5.594052732053419e-13
      },
      "sigma": 0.0005
    }
  ],
  "scope": "exact-real Markov matrix cutoff only; intrinsic factors, normalized sources, and directional Hardy traces are not enclosed by this ledger",
  "status": "arb_256_production_scale_exact_real_cutoff_uppers"
}
