d,nnz,density,bytes_per_matrix,build_seconds_three_matrices,median_matvec_seconds,eigs_seconds,left_eigs_seconds,rss_increment_bytes,peak_rss_bytes,K_row_sum_error,K1_row_sum_error,K2_row_sum_error,K1_infinity_norm,K2_infinity_norm,maximum_omitted_mass,maximum_truncation_l1_error,maximum_eigen_residual,response_relative_error,phase_response_relative_error
2000,177434,0.0443585,2137212,0.07176993000030052,0.0002338609997423191,0.029076879000058398,0.019740616000035516,5853184,120246272,6.661338147750939e-16,7.59106268648094e-15,8.195688702347659e-12,101.58821687935206,15684.246074332514,2.680112021202774e-09,5.360224042405548e-09,4.024491749283168e-11,2.4425087719446055e-08,3.242480370472563e-08
5000,1108946,0.04435784,13327356,0.2014568199997484,0.0016095099999802187,0.1438488009998764,0.09709650800004965,26951680,132952064,4.440892098500626e-16,2.3202760606884604e-14,7.556567432334335e-12,101.60031681318233,15695.11602442866,2.2213744177435046e-09,4.442748835487009e-09,1.3102635687426764e-10,2.4401145354643736e-08,3.2765108986150556e-08
10000,4435902,0.04435902,53270828,0.44510395799989055,0.00752271200008181,0.7736712830001125,0.43313911599989297,88719360,294068224,4.440892098500626e-16,1.8885223107632703e-14,5.9655330534365975e-12,101.6237025942575,15700.561269801381,2.085330796930407e-09,4.170661593860814e-09,3.922136414362151e-11,2.4187778056361235e-08,3.277889567759038e-08
20000,17743554,0.044358885,213002652,1.135401057999843,0.030650542999865138,2.6676652390001436,2.039608798000245,390369280,979984384,4.440892098500626e-16,2.059824555317874e-14,8.221519805554599e-12,101.63015003181032,15703.712530916628,2.0401826894556052e-09,4.0803653789112104e-09,2.990065439297521e-11,2.4313169667787506e-08,3.270088467964554e-08
50000,110897392,0.0443589568,1330968708,4.439300407999781,0.19245086099999753,12.476759060999939,11.246682036000038,2679287808,5368233984,4.440892098500626e-16,2.3309909659289897e-14,6.037335738219747e-12,101.6373858241898,15705.397398101552,1.9955286312267617e-09,3.9910572624535234e-09,8.546141317939221e-11,2.4119829654415516e-08,3.2628040600083164e-08
