{
  "platform": "Linux-5.15.0-177-generic-x86_64-with-glibc2.35",
  "processor": "x86_64",
  "logical_cpus": 64,
  "physical_cpus": 32,
  "total_memory_bytes": 134513909760,
  "parameters": {
    "dimensions": [
      2000,
      5000,
      10000,
      20000,
      50000
    ],
    "sigma": 0.00785,
    "u_critical": 1.5437,
    "cutoff": 6.0,
    "eigenvalues": 12,
    "eigen_tolerance": 1e-09,
    "response_step": 2e-06,
    "matvec_repetitions": 7,
    "output": "results/operator_benchmarks.csv",
    "details": "results/operator_benchmarks.json"
  },
  "dimensions": {
    "2000": {
      "summary": {
        "d": 2000,
        "nnz": 177434,
        "density": 0.0443585,
        "bytes_per_matrix": 2137212,
        "build_seconds_three_matrices": 0.07176993000030052,
        "median_matvec_seconds": 0.0002338609997423191,
        "eigs_seconds": 0.029076879000058398,
        "left_eigs_seconds": 0.019740616000035516,
        "rss_increment_bytes": 5853184,
        "peak_rss_bytes": 120246272,
        "K_row_sum_error": 6.661338147750939e-16,
        "K1_row_sum_error": 7.59106268648094e-15,
        "K2_row_sum_error": 8.195688702347659e-12,
        "K1_infinity_norm": 101.58821687935206,
        "K2_infinity_norm": 15684.246074332514,
        "maximum_omitted_mass": 2.680112021202774e-09,
        "maximum_truncation_l1_error": 5.360224042405548e-09,
        "maximum_eigen_residual": 4.024491749283168e-11,
        "response_relative_error": 2.4425087719446055e-08,
        "phase_response_relative_error": 3.242480370472563e-08
      },
      "eigenvalues": [
        [
          1.0000000000000027,
          0.0
        ],
        [
          -0.9884723751943462,
          0.0
        ],
        [
          -0.474026207114568,
          0.5059941961571736
        ],
        [
          -0.474026207114568,
          -0.5059941961571736
        ],
        [
          0.460542286558329,
          0.46260677937812783
        ],
        [
          0.460542286558329,
          -0.46260677937812783
        ],
        [
          -0.007065830074001411,
          -0.6221468281603229
        ],
        [
          -0.007065830074001411,
          0.6221468281603229
        ],
        [
          0.35163628613188097,
          0.0
        ],
        [
          0.23342353192946325,
          -0.20279818310006717
        ],
        [
          0.23342353192946325,
          0.20279818310006717
        ],
        [
          0.06071711443309248,
          0.24203312558245968
        ]
      ],
      "eigen_residuals": [
        2.7745751005142926e-15,
        1.205057476122471e-15,
        2.4664224532353973e-15,
        2.4664224532353973e-15,
        1.902903764422597e-15,
        1.902903764422597e-15,
        1.1963348314333555e-15,
        1.1963348314333555e-15,
        1.77949398389661e-15,
        2.0801765960819003e-15,
        2.0801765960819003e-15,
        4.024491749283168e-11
      ],
      "response": {
        "eigenvalue": [
          -0.474026207114568,
          0.5059941961571736
        ],
        "left_pairing_error": 1.7554167342883505e-15,
        "left_right_overlap_abs": 0.06767665474541158,
        "analytic_eigenvalue_derivative": [
          0.1308093947246287,
          -2.474613889362119
        ],
        "finite_difference_eigenvalue_derivative": [
          0.13080945479582162,
          -2.474613881947585
        ],
        "relative_eigenvalue_response_error": 2.4425087719446055e-08,
        "analytic_phase_derivative": 2.3024167506513358,
        "finite_difference_phase_derivative": 2.3024166759959246,
        "relative_phase_response_error": 3.242480370472563e-08
      }
    },
    "5000": {
      "summary": {
        "d": 5000,
        "nnz": 1108946,
        "density": 0.04435784,
        "bytes_per_matrix": 13327356,
        "build_seconds_three_matrices": 0.2014568199997484,
        "median_matvec_seconds": 0.0016095099999802187,
        "eigs_seconds": 0.1438488009998764,
        "left_eigs_seconds": 0.09709650800004965,
        "rss_increment_bytes": 26951680,
        "peak_rss_bytes": 132952064,
        "K_row_sum_error": 4.440892098500626e-16,
        "K1_row_sum_error": 2.3202760606884604e-14,
        "K2_row_sum_error": 7.556567432334335e-12,
        "K1_infinity_norm": 101.60031681318233,
        "K2_infinity_norm": 15695.11602442866,
        "maximum_omitted_mass": 2.2213744177435046e-09,
        "maximum_truncation_l1_error": 4.442748835487009e-09,
        "maximum_eigen_residual": 1.3102635687426764e-10,
        "response_relative_error": 2.4401145354643736e-08,
        "phase_response_relative_error": 3.2765108986150556e-08
      },
      "eigenvalues": [
        [
          1.0000000000000009,
          0.0
        ],
        [
          -0.9884383326767706,
          0.0
        ],
        [
          -0.473859029360694,
          -0.5061006955774501
        ],
        [
          -0.473859029360694,
          0.5061006955774501
        ],
        [
          0.4606273732695904,
          -0.4627244785916514
        ],
        [
          0.4606273732695904,
          0.4627244785916514
        ],
        [
          -0.006804621383857373,
          -0.6222123311170537
        ],
        [
          -0.006804621383857373,
          0.6222123311170537
        ],
        [
          0.3508350179754961,
          0.0
        ],
        [
          0.23277060257553045,
          -0.20113861599229482
        ],
        [
          0.23277060257553045,
          0.20113861599229482
        ],
        [
          0.06143986342825894,
          0.2410416879487675
        ]
      ],
      "eigen_residuals": [
        2.740992095341925e-15,
        1.827753913511367e-15,
        1.5481904669642354e-15,
        1.5481904669642354e-15,
        1.8877320470431833e-15,
        1.8877320470431833e-15,
        1.5670348970140452e-15,
        1.5670348970140452e-15,
        1.5695467809214797e-15,
        8.011576541216333e-15,
        8.011576541216333e-15,
        1.3102635687426764e-10
      ],
      "response": {
        "eigenvalue": [
          -0.473859029360694,
          0.5061006955774501
        ],
        "left_pairing_error": 9.238896857051836e-16,
        "left_right_overlap_abs": 0.06764874036364717,
        "analytic_eigenvalue_derivative": [
          0.1408547469199034,
          -2.4686165218882947
        ],
        "finite_difference_eigenvalue_derivative": [
          0.1408548067349802,
          -2.468616513984223
        ],
        "relative_eigenvalue_response_error": 2.4401145354643736e-08,
        "analytic_phase_derivative": 2.2852810023003935,
        "finite_difference_phase_derivative": 2.2852809274229124,
        "relative_phase_response_error": 3.2765108986150556e-08
      }
    },
    "10000": {
      "summary": {
        "d": 10000,
        "nnz": 4435902,
        "density": 0.04435902,
        "bytes_per_matrix": 53270828,
        "build_seconds_three_matrices": 0.44510395799989055,
        "median_matvec_seconds": 0.00752271200008181,
        "eigs_seconds": 0.7736712830001125,
        "left_eigs_seconds": 0.43313911599989297,
        "rss_increment_bytes": 88719360,
        "peak_rss_bytes": 294068224,
        "K_row_sum_error": 4.440892098500626e-16,
        "K1_row_sum_error": 1.8885223107632703e-14,
        "K2_row_sum_error": 5.9655330534365975e-12,
        "K1_infinity_norm": 101.6237025942575,
        "K2_infinity_norm": 15700.561269801381,
        "maximum_omitted_mass": 2.085330796930407e-09,
        "maximum_truncation_l1_error": 4.170661593860814e-09,
        "maximum_eigen_residual": 3.922136414362151e-11,
        "response_relative_error": 2.4187778056361235e-08,
        "phase_response_relative_error": 3.277889567759038e-08
      },