{
  "bracket_only": true,
  "bracket_shift": 0.01,
  "exact_channel_enclosure": true,
  "grushin_dimension": 4109,
  "grushin_matrix_error_frobenius_upper": 4.436799541321767e-12,
  "inertia_bracket": {
    "admissible": true,
    "lower_shift_error_upper": 2.242813389968048e-05,
    "negative_count": 4109,
    "positive_count": 4109,
    "shift": 0.01,
    "upper_shift_error_upper": 1.929808589946945e-05
  },
  "lift_coefficient_lower": 0.9977132770241838,
  "lift_coefficient_upper": 0.997713277024184,
  "pair_order": "colamd",
  "pair_order_seconds": 2.792767286300659,
  "peak_memory_mb": 2318.30078125,
  "permc_spec": "NATURAL",
  "physical_dimension": 2048,
  "power_of_two_scales": [
    1.0,
    1.0,
    1.0,
    0.5,
    1.0,
    1.0,
    1.0,
    1.0,
    1.0,
    1.0,
    1.0,
    1.0,
    1.0
  ],
  "shifted_factorizations": [
    {
      "backward_error": {
        "absolute_lu_product_frobenius_upper": 579483.0716813253,
        "gaussian_elimination_backward_error_upper": 1.6922821719445842e-05,
        "input_assembly_error_upper": 1.5654250737649966e-11,
        "ldl_center_conversion_error_upper": 5.2463633880119673e-08,
        "ldl_conversion_error_upper": 5.5052965259838945e-06,
        "ldl_relation_defect_frobenius_upper": 2.293289612398107e-09,
        "ldl_relation_formation_error_upper": 1.78467217616778e-09,
        "lower_frobenius_upper": 3055.369476209699,
        "matrix_dimension": 8218,
        "minimum_real_pivot_magnitude": 0.007216368950945795,
        "negative_pivots": 4109,
        "positive_pivots": 4109,
        "total_error_upper": 2.242813389968048e-05,
        "upper_frobenius_upper": 2691.2405230210748
      },
      "column_permutation_is_identity": true,
      "factor_nnz": 22121700,
      "factor_seconds": 20.73003053665161,
      "label": "minus",
      "row_column_permutations_match": true,
      "row_permutation_is_identity": true,
      "shift_assembly_roundoff_upper": 2.536134223201226e-13
    },
    {
      "backward_error": {
        "absolute_lu_product_frobenius_upper": 425180.1424453073,
        "gaussian_elimination_backward_error_upper": 1.2416665992285276e-05,
        "input_assembly_error_upper": 1.5654250737649966e-11,
        "ldl_center_conversion_error_upper": 2.658378354708246e-08,
        "ldl_conversion_error_upper": 6.881404252933432e-06,
        "ldl_relation_defect_frobenius_upper": 2.3482222486626564e-09,
        "ldl_relation_formation_error_upper": 2.130895729038931e-09,
        "lower_frobenius_upper": 3216.8727807615364,
        "matrix_dimension": 8218,
        "minimum_real_pivot_magnitude": 0.007615408721274336,
        "negative_pivots": 4109,
        "positive_pivots": 4109,
        "total_error_upper": 1.929808589946945e-05,
        "upper_frobenius_upper": 2064.002884742027
      },
      "column_permutation_is_identity": true,
      "factor_nnz": 22121700,
      "factor_seconds": 20.759360790252686,
      "label": "plus",
      "row_column_permutations_match": true,
      "row_permutation_is_identity": true,
      "shift_assembly_roundoff_upper": 2.536134223201226e-13
    }
  ],
  "sigma": 0.01,
  "status": "rigorous_exact_target_threshold_inertia_certificate",
  "threshold": 0.00021058362734454738,
  "threshold_dimension": 8218,
  "threshold_factor": 2.0,
  "threshold_matrix_nnz": 9247962,
  "threshold_transform_error_frobenius_upper": 1.5400637315329837e-11,
  "transform_seconds": 0.997286319732666
}
