{
  "bracket_only": true,
  "bracket_shift": 0.00056,
  "exact_channel_enclosure": true,
  "grushin_dimension": 10255,
  "grushin_matrix_error_frobenius_upper": 7.72488861566294e-12,
  "inertia_bracket": {
    "admissible": false,
    "lower_shift_error_upper": 0.0007005750371036804,
    "negative_count": 10255,
    "positive_count": 10255,
    "shift": 0.00056,
    "upper_shift_error_upper": 0.00010457279461658044
  },
  "lift_coefficient_lower": 0.9982758685443437,
  "lift_coefficient_upper": 0.9982758685443439,
  "pair_order": "colamd",
  "pair_order_seconds": 12.301268100738525,
  "peak_memory_mb": 8893.234375,
  "permc_spec": "NATURAL",
  "physical_dimension": 5120,
  "power_of_two_scales": [
    1.0,
    1.0,
    1.0,
    0.5,
    1.0,
    1.0,
    1.0,
    1.0,
    1.0,
    1.0,
    1.0,
    1.0,
    1.0,
    1.0,
    1.0
  ],
  "shifted_factorizations": [
    {
      "backward_error": {
        "absolute_lu_product_frobenius_upper": 4221969.727073369,
        "gaussian_elimination_backward_error_upper": 0.0003076687102351623,
        "input_assembly_error_upper": 2.6861407710592923e-11,
        "ldl_center_conversion_error_upper": 0.00018500216245760466,
        "ldl_conversion_error_upper": 0.0003929063000071103,
        "ldl_relation_defect_frobenius_upper": 9.054275153500255e-07,
        "ldl_relation_formation_error_upper": 1.769920376644114e-08,
        "lower_frobenius_upper": 11746.524888521,
        "matrix_dimension": 20510,
        "minimum_real_pivot_magnitude": 0.0011454888275419656,
        "negative_pivots": 10255,
        "positive_pivots": 10255,
        "total_error_upper": 0.0007005750371036804,
        "upper_frobenius_upper": 15544.384965333173
      },
      "column_permutation_is_identity": true,
      "factor_nnz": 95229736,
      "factor_seconds": 183.45466566085815,
      "label": "minus",
      "row_column_permutations_match": true,
      "row_permutation_is_identity": true,
      "shift_assembly_roundoff_upper": 4.0715321314154634e-13
    },
    {
      "backward_error": {
        "absolute_lu_product_frobenius_upper": 775386.5443252394,
        "gaussian_elimination_backward_error_upper": 5.6504947559539947e-05,
        "input_assembly_error_upper": 2.6861407710592923e-11,
        "ldl_center_conversion_error_upper": 1.1892164315979254e-06,
        "ldl_conversion_error_upper": 4.806782019563275e-05,
        "ldl_relation_defect_frobenius_upper": 2.289294996833463e-08,
        "ldl_relation_formation_error_upper": 1.3643927810012945e-08,
        "lower_frobenius_upper": 3435.8583845358485,
        "matrix_dimension": 20510,
        "minimum_real_pivot_magnitude": 0.0050609111853577166,
        "negative_pivots": 10255,
        "positive_pivots": 10255,
        "total_error_upper": 0.00010457279461658044,
        "upper_frobenius_upper": 4659.984773165925
      },
      "column_permutation_is_identity": true,
      "factor_nnz": 95229736,
      "factor_seconds": 183.43888020515442,
      "label": "plus",
      "row_column_permutations_match": true,
      "row_permutation_is_identity": true,
      "shift_assembly_roundoff_upper": 4.0715321314154634e-13
    }
  ],
  "sigma": 0.004,
  "status": "floating_inertia_pilot_only",
  "threshold": 5.8730989592810334e-05,
  "threshold_dimension": 20510,
  "threshold_factor": 2.0,
  "threshold_matrix_nnz": 25952734,
  "threshold_transform_error_frobenius_upper": 2.645425449745137e-11,
  "transform_seconds": 2.8182222843170166
}
