{
  "bracket_only": false,
  "bracket_side": "both",
  "column_permutation_is_identity": true,
  "direct_backward_error": {
    "absolute_lu_product_frobenius_upper": 2995955.3481173143,
    "gaussian_elimination_backward_error_upper": 0.0004363520583769761,
    "input_assembly_error_upper": 3.9943074671862825e-11,
    "ldl_center_conversion_error_upper": 4.892160937923184e-07,
    "ldl_conversion_error_upper": 0.00023508834691542425,
    "ldl_relation_defect_frobenius_upper": 3.157086472057234e-08,
    "ldl_relation_formation_error_upper": 2.9075846682948374e-08,
    "lower_frobenius_upper": 8068.522763232663,
    "matrix_dimension": 40994,
    "minimum_real_pivot_magnitude": 0.004886240824572979,
    "negative_pivots": 20497,
    "positive_pivots": 20497,
    "total_error_upper": 0.0006714404452354752,
    "upper_frobenius_upper": 7123.209248779586
  },
  "exact_channel_enclosure": true,
  "factor_fill_ratio": 5.49211764511963,
  "factor_nnz": 297877182,
  "factor_seconds": 1057.6703741550446,
  "grushin_dimension": 20497,
  "grushin_matrix_error_frobenius_upper": 1.1789796416629252e-11,
  "ldl_relation_defect_frobenius": 2.852967334527135e-10,
  "ldl_relation_relative_defect": 4.00517138000852e-14,
  "lift_coefficient_lower": 0.9985736938232723,
  "lift_coefficient_upper": 0.9985736938232725,
  "maximum_pivot_imaginary_part": 4.565660198532816e-11,
  "maximum_pivot_modulus": 2027.7718495333424,
  "minimum_pivot_modulus": 0.004886240824572979,
  "negative_pivot_count": 20497,
  "pair_order": "colamd",
  "pair_order_seconds": 52.24355173110962,
  "peak_memory_mb": 31332.84375,
  "permc_spec": "NATURAL",
  "physical_dimension": 10240,
  "positive_pivot_count": 20497,
  "power_of_two_scales": [
    1.0,
    1.0,
    1.0,
    0.5,
    1.0,
    1.0,
    1.0,
    1.0,
    1.0,
    1.0,
    1.0,
    0.5,
    1.0,
    1.0,
    1.0,
    1.0,
    1.0
  ],
  "row_column_permutations_match": true,
  "row_permutation_is_identity": true,
  "sigma": 0.002,
  "status": "floating_inertia_pilot_only",
  "threshold": 2.253661681740832e-05,
  "threshold_dimension": 40994,
  "threshold_factor": 2.0,
  "threshold_matrix_nnz": 54237218,
  "threshold_transform_error_frobenius_upper": 3.9943074671862825e-11,
  "transform_seconds": 5.8363728523254395
}
