{
  "bracket_only": true,
  "bracket_shift": 0.0015,
  "bracket_shifts": {
    "minus": 0.0015,
    "plus": 0.0015
  },
  "bracket_side": "minus",
  "exact_channel_enclosure": true,
  "grushin_dimension": 20497,
  "grushin_matrix_error_frobenius_upper": 1.1789796416629252e-11,
  "lift_coefficient_lower": 0.9985736938232723,
  "lift_coefficient_upper": 0.9985736938232725,
  "pair_order": "colamd",
  "pair_order_seconds": 52.35210299491882,
  "peak_memory_mb": 26135.62890625,
  "permc_spec": "NATURAL",
  "physical_dimension": 10240,
  "power_of_two_scales": [
    1.0,
    1.0,
    1.0,
    0.5,
    1.0,
    1.0,
    1.0,
    1.0,
    1.0,
    1.0,
    1.0,
    0.5,
    1.0,
    1.0,
    1.0,
    1.0,
    1.0
  ],
  "shifted_factorizations": [
    {
      "backward_error": {
        "absolute_lu_product_frobenius_upper": 11461972.472863736,
        "gaussian_elimination_backward_error_upper": 0.0016694024778230723,
        "input_assembly_error_upper": 4.052665932353582e-11,
        "ldl_center_conversion_error_upper": 1.4228506335528896e-05,
        "ldl_conversion_error_upper": 0.0001782737849397336,
        "ldl_relation_defect_frobenius_upper": 3.074007101082117e-08,
        "ldl_relation_formation_error_upper": 1.4179260650493673e-08,
        "lower_frobenius_upper": 11569.381693994967,
        "matrix_dimension": 40994,
        "minimum_real_pivot_magnitude": 0.021415685252028305,
        "negative_pivots": 20497,
        "positive_pivots": 20497,
        "total_error_upper": 0.0018476763032894657,
        "upper_frobenius_upper": 8596.514908064348
      },
      "column_permutation_is_identity": true,
      "factor_nnz": 297877182,
      "factor_seconds": 1055.143183708191,
      "label": "minus",
      "row_column_permutations_match": true,
      "row_permutation_is_identity": true,
      "shift": 0.0015,
      "shift_assembly_roundoff_upper": 5.835846516729788e-13
    }
  ],
  "sigma": 0.002,
  "status": "floating_inertia_pilot_only",
  "threshold": 2.253661681740832e-05,
  "threshold_dimension": 40994,
  "threshold_factor": 2.0,
  "threshold_matrix_nnz": 54237218,
  "threshold_transform_error_frobenius_upper": 3.9943074671862825e-11,
  "transform_seconds": 5.884900331497192
}
