{
  "bracket_only": true,
  "bracket_shift": 0.0015,
  "bracket_shifts": {
    "minus": 0.0015,
    "plus": 0.0015
  },
  "bracket_side": "plus",
  "exact_channel_enclosure": true,
  "grushin_dimension": 20497,
  "grushin_matrix_error_frobenius_upper": 1.1789796416629252e-11,
  "lift_coefficient_lower": 0.9985736938232723,
  "lift_coefficient_upper": 0.9985736938232725,
  "pair_order": "colamd",
  "pair_order_seconds": 52.363457918167114,
  "peak_memory_mb": 26223.63671875,
  "permc_spec": "NATURAL",
  "physical_dimension": 10240,
  "power_of_two_scales": [
    1.0,
    1.0,
    1.0,
    0.5,
    1.0,
    1.0,
    1.0,
    1.0,
    1.0,
    1.0,
    1.0,
    0.5,
    1.0,
    1.0,
    1.0,
    1.0,
    1.0
  ],
  "shifted_factorizations": [
    {
      "backward_error": {
        "absolute_lu_product_frobenius_upper": 10803182.904646559,
        "elimination_operation_factor": 24,
        "gaussian_elimination_backward_error_upper": 0.0011801079807473,
        "input_assembly_error_upper": 4.052665932353582e-11,
        "ldl_center_conversion_error_upper": 1.93070180162329e-06,
        "ldl_conversion_error_upper": 0.000251409488731921,
        "ldl_relation_defect_frobenius_upper": 2.873102636907612e-08,
        "ldl_relation_formation_error_upper": 2.4072374036811948e-08,
        "lower_frobenius_upper": 10363.696848046216,
        "matrix_dimension": 40994,
        "minimum_real_pivot_magnitude": 0.02055696956721209,
        "negative_pivots": 20497,
        "positive_pivots": 20497,
        "total_error_upper": 0.0014315175100058806,
        "upper_frobenius_upper": 13156.709599224776
      },
      "column_permutation_is_identity": true,
      "factor_nnz": 297877182,
      "factor_seconds": 1060.5927557945251,
      "label": "plus",
      "row_column_permutations_match": true,
      "row_permutation_is_identity": true,
      "shift": 0.0015,
      "shift_assembly_roundoff_upper": 5.835846516729788e-13
    }
  ],
  "sigma": 0.002,
  "status": "rigorous_one_sided_shifted_ldl_certificate",
  "threshold": 2.253661681740832e-05,
  "threshold_dimension": 40994,
  "threshold_factor": 2.0,
  "threshold_matrix_nnz": 54237218,
  "threshold_transform_error_frobenius_upper": 3.9943074671862825e-11,
  "transform_seconds": 5.85508394241333
}
