{
  "column_permutation_is_identity": true,
  "comparison_inverse_bound": {
    "infinity_norm_bound_candidate": 2.119963407519123e+65,
    "one_norm_bound_candidate": 2.119963407519121e+65,
    "two_norm_bound_candidate": 2.119963407519122e+65
  },
  "comparison_seconds": 4.350645542144775,
  "factor_fill_ratio": 3.2566907173710273,
  "factor_nnz": 30117752,
  "factor_residual_frobenius": 6.882122740486335e-13,
  "factor_residual_maximum_entry": 5.631092503427302e-13,
  "factor_residual_nnz": 25884723,
  "factor_residual_seconds": 120.06656050682068,
  "factor_seconds": 30.159696102142334,
  "grushin_dimension": 4109,
  "ldl_relation_defect_frobenius": 3.716543730849799e-13,
  "ldl_relation_relative_defect": 2.7275272180009613e-16,
  "maximum_pivot_imaginary_part": 4.2385342813549164e-13,
  "maximum_pivot_modulus": 1017.1736113123889,
  "minimum_pivot_modulus": 0.1862452219406191,
  "negative_pivot_count": 4109,
  "peak_memory_mb": 2587.27734375,
  "physical_dimension": 2048,
  "positive_pivot_count": 4109,
  "row_permutation_is_identity": true,
  "sigma": 0.01,
  "status": "floating_inertia_pilot_only",
  "threshold": 0.00010529181367227366,
  "threshold_dimension": 8218,
  "threshold_matrix_nnz": 9247962,
  "transform_seconds": 1.0813355445861816
}
