{
  "bracket_only": false,
  "column_permutation_is_identity": true,
  "direct_backward_error": {
    "absolute_lu_product_frobenius_upper": 687446.9895203883,
    "gaussian_elimination_backward_error_upper": 5.009650525547396e-05,
    "input_assembly_error_upper": 0.0,
    "ldl_center_conversion_error_upper": 6.577979906260575e-08,
    "ldl_conversion_error_upper": 1.0705242771377803e-05,
    "ldl_relation_defect_frobenius_upper": 4.164631823385963e-09,
    "ldl_relation_formation_error_upper": 3.957709886580992e-09,
    "lower_frobenius_upper": 2688.2877414510212,
    "matrix_dimension": 20510,
    "minimum_real_pivot_magnitude": 0.008558979487216775,
    "negative_pivots": 10255,
    "positive_pivots": 10255,
    "total_error_upper": 6.0801748026851773e-05,
    "upper_frobenius_upper": 2943.8929364253972
  },
  "factor_fill_ratio": 3.669352754896652,
  "factor_nnz": 95229736,
  "factor_seconds": 181.0077667236328,
  "grushin_dimension": 10255,
  "ldl_relation_defect_frobenius": 1.6494730735932492e-10,
  "ldl_relation_relative_defect": 5.603033527149073e-14,
  "maximum_pivot_imaginary_part": 3.106615112597851e-11,
  "maximum_pivot_modulus": 827.6824943480262,
  "minimum_pivot_modulus": 0.008558979487216775,
  "negative_pivot_count": 10255,
  "pair_order": "colamd",
  "pair_order_seconds": 12.371613025665283,
  "peak_memory_mb": 10289.796875,
  "permc_spec": "NATURAL",
  "physical_dimension": 5120,
  "positive_pivot_count": 10255,
  "row_column_permutations_match": true,
  "row_permutation_is_identity": true,
  "sigma": 0.004,
  "status": "floating_inertia_pilot_only",
  "threshold": 2.9365494796405167e-05,
  "threshold_dimension": 20510,
  "threshold_matrix_nnz": 25952734,
  "transform_seconds": 2.773289203643799
}
