{
  "evidence_level": "deterministic all-column dense binary64 Lyapunov and grouped left/right eigenspace audit; not interval validated",
  "fine_resolution": 5.12,
  "fits": {
    "left_coherence_upper": {
      "growth_exponent": 0.6385320887877968,
      "levels": 2,
      "log_intercept": -0.5184433860121301,
      "maximum_log_residual": 6.661338147750939e-16,
      "sigma_power": -0.6385320887877968
    },
    "left_exact_energy": {
      "growth_exponent": 0.36297953102447966,
      "levels": 2,
      "log_intercept": -0.7661624428223134,
      "maximum_log_residual": 2.914335439641036e-16,
      "sigma_power": -0.36297953102447966
    },
    "left_signed_fusion_ratio": {
      "growth_exponent": 0.0,
      "levels": 2,
      "log_intercept": -0.1668425335786605,
      "maximum_log_residual": 6.661338147750939e-16,
      "sigma_power": 0.46105686682791114
    },
    "left_square_sum": {
      "growth_exponent": 0.5935079644384352,
      "levels": 2,
      "log_intercept": -0.6827411760329833,
      "maximum_log_residual": 3.3306690738754696e-16,
      "sigma_power": -0.5935079644384352
    },
    "right_coherence_upper": {
      "growth_exponent": 1.298640483262579,
      "levels": 2,
      "log_intercept": -1.5053341312522406,
      "maximum_log_residual": 8.881784197001252e-16,
      "sigma_power": -1.298640483262579
    },
    "right_exact_energy": {
      "growth_exponent": 0.33564528146121814,
      "levels": 2,
      "log_intercept": -0.612454711247157,
      "maximum_log_residual": 2.671474153004283e-16,
      "sigma_power": -0.33564528146121814
    },
    "right_signed_fusion_ratio": {
      "growth_exponent": 0.0,
      "levels": 2,
      "log_intercept": 2.0639043331402167,
      "maximum_log_residual": 8.881784197001252e-16,
      "sigma_power": 1.7854522120898555
    },
    "right_square_sum": {
      "growth_exponent": 1.228371387506146,
      "levels": 2,
      "log_intercept": -1.6444068778172647,
      "maximum_log_residual": 3.3306690738754696e-16,
      "sigma_power": -1.228371387506146
    }
  },
  "hardy_radius": 0.85,
  "limitations": [
    "The grouped Riesz projectors use binary64 left/right eigenspaces and are not contour enclosures.",
    "The dense audit holds N*sigma=5.12, below the RH-50 production resolution N*sigma=20.48.",
    "Fixed radial cuts audit one invariant-block organization; they do not prove a dyadically uniform physical cloud decomposition.",
    "Five levels and fitted exponents are diagnostics, not small-noise asymptotic theorems.",
    "Stage A1 and unconditional Stage A4 remain open."
  ],
  "radial_cuts": [
    0.15,
    0.35,
    0.55
  ],
  "radial_names": [
    "central",
    "inner_cloud",
    "middle_cloud",
    "edge_cloud"
  ],
  "rows": [
    {
      "coarse_biorthogonality_defect": 2.4046420171289115e-16,
      "coarse_bulk_radius_candidate": 0.22528348977031018,
      "coarse_dimension": 16,
      "elapsed_seconds": 0.011707155033946037,
      "fine_biorthogonality_defect": 2.7755575615628914e-16,
      "fine_bulk_radius_candidate": 0.22555252096240946,
      "fine_dimension": 32,
      "fine_dimension_times_sigma": 5.12,
      "left": {
        "absolute_block_upper": 2.1186438754526487,
        "absolute_upper_over_exact": 2.3437426744343566,
        "block_reconstructed_energy": 0.9039575455799415,
        "block_reconstruction_relative_defect": 0.0,
        "blocks": [
          {
            "commutator_defect": 2.189187552699407e-15,
            "eigenvalue_count": 31,
            "hardy_energy": 1.019448428991972,
            "idempotence_defect": 9.210073520691694e-16,
            "left_right_overlap_condition": null,
            "maximum_physical_modulus": 0.1116670667925056,
            "minimum_physical_modulus": 3.587398025930432e-18,
            "name": "central",
            "projector_norm": 4.214615284923047
          },
          {
            "commutator_defect": 2.17246893700416e-15,
            "eigenvalue_count": 1,
            "hardy_energy": 1.0991954464606768,
            "idempotence_defect": 7.825677789808156e-16,
            "left_right_overlap_condition": 1.0,
            "maximum_physical_modulus": 0.22555252096240938,
            "minimum_physical_modulus": 0.22555252096240938,
            "name": "inner_cloud",
            "projector_norm": 4.214615284923048
          }
        ],
        "coherence_constant": 1.6382299029118967,
        "coherence_upper": 1.918835868968498,
        "coherence_upper_over_exact": 2.1227057380636754,
        "exact_hardy_energy": 0.9039575455799415,
        "gershgorin_constant": 1.638229902911897,
        "gershgorin_upper": 1.9188358689684981,
        "maximum_pairwise_projector_product": 6.503536653008208e-16,
        "minimum_block_gram_eigenvalue": 0.4035976291554237,
        "minimum_radial_cut_gap": 0.038332933207494396,
        "normalized_block_gram_imag": [
          [
            0.0,
            1.0981054005187906e-16
          ],
          [
            -1.0981054005187906e-16,
            0.0
          ]
        ],
        "normalized_block_gram_real": [
          [
            1.0,
            -0.638229902911897
          ],
          [
            -0.638229902911897,
            0.9999999999999998
          ]
        ],
        "partition_defect": 1.1102230246251565e-16,
        "signed_fusion_ratio": 0.36357604508220576,
        "square_sum_energy": 1.4991683457484306,
        "stein_defect_norm": 8.614735726909801e-16
      },
      "right": {
        "absolute_block_upper": 2.5873628991728226,
        "absolute_upper_over_exact": 2.5805345345487023,
        "block_reconstructed_energy": 1.0026461047247002,
        "block_reconstruction_relative_defect": 4.42917204542472e-16,
        "blocks": [
          {
            "commutator_defect": 1.6974094376563503e-15,
            "eigenvalue_count": 15,
            "hardy_energy": 1.1999445505964146,
            "idempotence_defect": 8.182172798714226e-16,
            "left_right_overlap_condition": null,
            "maximum_physical_modulus": 0.10874189414447469,
            "minimum_physical_modulus": 4.876537141587691e-16,
            "name": "central",
            "projector_norm": 4.031657723685846
          },
          {
            "commutator_defect": 1.7135066731635526e-15,
            "eigenvalue_count": 1,
            "hardy_energy": 1.387418348576408,
            "idempotence_defect": 9.155849857378613e-16,
            "left_right_overlap_condition": 1.0,
            "maximum_physical_modulus": 0.22528348977031024,
            "minimum_physical_modulus": 0.22528348977031024,
            "name": "inner_cloud",
            "projector_norm": 4.031657723685847
          }
        ],
        "coherence_constant": 1.7086322178530495,
        "coherence_upper": 2.397748918188161,
        "coherence_upper_over_exact": 2.391420967866344,
        "exact_hardy_energy": 1.0026461047246997,
        "gershgorin_constant": 1.7086322178530495,
        "gershgorin_upper": 2.397748918188161,
        "maximum_pairwise_projector_product": 8.09582020286091e-16,
        "minimum_block_gram_eigenvalue": 0.47797792091153185,
        "minimum_radial_cut_gap": 0.04125810585552531,
        "normalized_block_gram_imag": [
          [
            0.0,
            9.627128726072786e-17
          ],
          [
            -9.627128726072786e-17,
            0.0
          ]
        ],
        "normalized_block_gram_real": [
          [
            0.9999999999999999,
            -0.7086322178530494
          ],
          [
            -0.7086322178530494,
            1.0
          ]
        ],
        "partition_defect": 1.1102230246251565e-16,
        "signed_fusion_ratio": 0.2987696824753032,
        "square_sum_energy": 1.834338190866809,
        "stein_defect_norm": 1.5447444980936623e-15
      },
      "sigma": 0.16
    },
    {
      "coarse_biorthogonality_defect": 2.851276512145167e-16,
      "coarse_bulk_radius_candidate": 0.45742922365381317,