{
  "arb": {
    "fixed_coupling_condition_exceeds_1e7": true,
    "fixed_coupling_metric_gap_below_1e_minus_10": true,
    "matched_condition_below_2": true,
    "matched_identity_certified": true,
    "matched_metric_gap_over_gap_between_point_4_and_point_5": true,
    "positive_metrics_certified": true,
    "precision_bits": 256,
    "production_interval_audit_executed": false,
    "unmatched_identity_certified": true
  },
  "pilot": {
    "case_count": 6,
    "cases": [
      {
        "coupling_power": 0.0,
        "dimension": 2,
        "endpoint": {
          "condition_number": 1599999984000002.0,
          "condition_number_text": "1.59999998400000204e+15",
          "coupling": 0.2,
          "gap": 1e-08,
          "generic_horizon_1e_minus_6": 2210481678221879562179302,
          "lambda_max": "7.99999996000001499999997e+22",
          "lambda_min": "5.00000002500000324999998e+7",
          "metric_contraction_gap": 6.250000031249989e-24,
          "metric_contraction_gap_text": "6.25000003124998843749992e-24",
          "transfer_factor": 39999999.80000003
        },
        "fitted_condition_exponent": 2.000001340506934,
        "fitted_metric_gap_exponent": 3.00000067009007,
        "predicted_condition_exponent": 2.0,
        "predicted_metric_gap_exponent": 3.0
      },
      {
        "coupling_power": 0.0,
        "dimension": 3,
        "endpoint": {
          "condition_number": 2.8799999424e+30,
          "condition_number_text": "2.87999994239999983200012e+30",
          "coupling": 0.2,
          "gap": 1e-08,
          "generic_horizon_1e_minus_6": 2652578000603364277938250229125826947292,
          "lambda_max": "9.59999990400001415999992e+37",
          "lambda_min": "3.33333336666667244444439e+7",
          "metric_contraction_gap": 5.20833338541666e-39,
          "metric_contraction_gap_text": "5.20833338541665950520823e-39",
          "transfer_factor": 1697056257877151.2
        },
        "fitted_condition_exponent": 4.000002681367896,
        "fitted_metric_gap_exponent": 5.00000134048079,
        "predicted_condition_exponent": 4.0,
        "predicted_metric_gap_exponent": 5.0
      },
      {
        "coupling_power": 0.0,
        "dimension": 4,
        "endpoint": {
          "condition_number": 5.119999846399993e+45,
          "condition_number_text": "5.11999984639999301120077e+45",
          "coupling": 0.2,
          "gap": 1e-08,
          "generic_horizon_1e_minus_6": 3536770649787298714919213069270005869899326952099883130,
          "lambda_max": "1.27999998080000183679998e+53",
          "lambda_min": "2.50000003750000812499988e+7",
          "metric_contraction_gap": 3.9062500585937454e-54,
          "metric_contraction_gap_text": "3.9062500585937452734374e-54",
          "transfer_factor": 7.155417420668058e+22
        },
        "fitted_condition_exponent": 6.000004022238435,
        "fitted_metric_gap_exponent": 7.000002010827721,
        "predicted_condition_exponent": 6.0,
        "predicted_metric_gap_exponent": 7.0
      },
      {
        "coupling_power": 0.5,
        "dimension": 4,
        "endpoint": {
          "condition_number": 5.119998950401033e+21,
          "condition_number_text": "5.11999895040103285036218e+21",
          "coupling": 2e-05,
          "gap": 1e-08,
          "generic_horizon_1e_minus_6": 3536771136093310696557724371421,
          "lambda_max": "1.28000015680001643680188e+29",
          "lambda_min": "2.50000081874969562518519e+7",
          "metric_contraction_gap": 3.9062495214843834e-30,
          "metric_contraction_gap_text": "3.90624952148438345703064e-30",
          "transfer_factor": 71554167945.69714
        },
        "fitted_condition_exponent": 3.0000274600682473,
        "fitted_metric_gap_exponent": 3.9999835761305897,
        "predicted_condition_exponent": 3.0,
        "predicted_metric_gap_exponent": 4.0
      },
      {
        "coupling_power": 0.75,
        "dimension": 4,
        "endpoint": {
          "condition_number": 5111134377.657249,
          "condition_number_text": "5.1111343776572492668681e+9",
          "coupling": 2e-07,
          "gap": 1e-08,
          "generic_horizon_1e_minus_6": 3541638743782678564,
          "lambda_max": "1.28176180276631836059145e+17",
          "lambda_min": "2.50778341569221176328444e+7",
          "metric_contraction_gap": 3.900880794862916e-18,
          "metric_contraction_gap_text": "3.90088079486291590562641e-18",
          "transfer_factor": 71492.19801948496
        },
        "fitted_condition_exponent": 1.505607343169684,
        "fitted_metric_gap_exponent": 2.4940420888050467,
        "predicted_condition_exponent": 1.5,
        "predicted_metric_gap_exponent": 2.5
      },
      {
        "coupling_power": 1.0,
        "dimension": 4,
        "endpoint": {
          "condition_number": 1.9469784716875649,
          "condition_number_text": "1.94697847168756480049953",
          "coupling": 2e-09,
          "gap": 1e-08,
          "generic_horizon_1e_minus_6": 4068369089,
          "lambda_max": "1.47239187633011102137782e+8",
          "lambda_min": "7.56244559321654605917297e+7",
          "metric_contraction_gap": 3.3958350958522846e-09,
          "metric_contraction_gap_text": "3.3958350958522846142917e-9",
          "transfer_factor": 1.3953417042744636
        },
        "fitted_condition_exponent": 4.469120457605499e-07,
        "fitted_metric_gap_exponent": 1.0000004762401777,
        "predicted_condition_exponent": 0.0,
        "predicted_metric_gap_exponent": 1.0
      }
    ],
    "precision_decimal_digits": 140
  },
  "program_boundary": {
    "block_cross_column_fusion": false,
    "hilbert_polya_operator": false,
    "production_family_uniformity": false,
    "stage_A1_closed": false,
    "stage_A4_unconditional_closed": false
  },
  "publication_artifact_hashes": {
    ".gitignore": "edc0f305a8e021cd0c100a30cd2e601c77b965a68d5614105ffbf24a5a461fc3",
    "README.md": "f72432449e2c347bc7323c3af6d8f01907afff1567a7e0f81d8b01af587b4d75",
    "figures/physical_family_metric_conditioning.pdf": "720ebb63fbd97b4bccc2ad75b04f3e73308e198a9b195d0ab150d75487ac722a",
    "figures/physical_family_metric_conditioning.png": "7e92550d49a453e35e94d0ca7aa85822f8a9caa14e2cee2dc72586a3358a1d08",
    "main.pdf": "84b5404eee81d97caa19aefdf43616362f05a26d065f5c0017c978c7a71f6c59",
    "main.tex": "c04e36f9db88dc0be7ca5c67047f0061759f9784f496e6421a2c65d758c6e834",
    "physical-family-metric-conditioning.pdf": "84b5404eee81d97caa19aefdf43616362f05a26d065f5c0017c978c7a71f6c59",
    "pyproject.toml": "4b5c1a116b07ef6113f3e95a2fcc0e893c7adf4b5899bc16ad2ea5ac080c3bd2",
    "references.bib": "3c035e98f9b48b12a9e83a270e55dff38bb2752e696f2cf93cdd006e1bcda78b",
    "requirements.txt": "c9f735425165eca30b3f2492640e759a48c551d726f7c6c7f683d5773e7bb87b"
  },
  "result_hashes": {
    "results/arb_two_step_audit.json": "05705fa5aa26d9641b28272e8060bff2c46e078c39a9f3bd1989b954f2e870c5",
    "results/dependency_manifest.json": "3783d0d85bcb5aee00680e3479e537992e5b82dba0f55bfc8491064a548f2986",
    "results/family_conditioning_pilot.json": "dba3330bcce769a432e9222e18ddbdb88160737abd523e1bba78572a4c6c0256",
    "results/family_conditioning_smoke.json": "78247c9d746ffa59dc426eac806264988bf93af46f7d81f84f8d9bcc8dca76ae"
  },
  "route_consequence": "A full-space Lyapunov metric is viable only after the residual coupling is localized to the peripheral gap scale; global weighting is not a polylogarithmic substitute for Krylov or block deflation.",
  "status": "rh65_physical_family_metric_conditioning_audit",
  "theorem": {
    "exact_contraction_ledger": true,
    "growing_chain_superpolynomial_barrier": true,
    "matched_scale_uniform_conditioning": true,
    "power_law_cost_ledger": true,
    "unmatched_jordan_obstruction": true
  }
}
